scene_id,video_name,start_time,end_time,duration,frame_count,rep_frame_path,method
16,gacs_advertisements_00_-avONMmQ.mp4,128,136,8,18,data\scenes\gacs_advertisements_00_-avONMmQ_scene_16.jpg,fixed_8s
13,gacs_advertisements_01_jBnseji3.mp4,104,112,8,17,data\scenes\gacs_advertisements_01_jBnseji3_scene_13.jpg,fixed_8s
14,gacs_advertisements_01_jBnseji3.mp4,112,120,8,17,data\scenes\gacs_advertisements_01_jBnseji3_scene_14.jpg,fixed_8s
15,gacs_animations_00_WIPV1iwz.mp4,128,136,8,18,data\scenes\gacs_animations_00_WIPV1iwz_scene_15.jpg,fixed_8s
16,gacs_animations_00_WIPV1iwz.mp4,136,144,8,17,data\scenes\gacs_animations_00_WIPV1iwz_scene_16.jpg,fixed_8s
17,gacs_animations_00_WIPV1iwz.mp4,144,152,8,18,data\scenes\gacs_animations_00_WIPV1iwz_scene_17.jpg,fixed_8s
18,gacs_animations_00_WIPV1iwz.mp4,152,160,8,17,data\scenes\gacs_animations_00_WIPV1iwz_scene_18.jpg,fixed_8s
19,gacs_animations_00_WIPV1iwz.mp4,160,168,8,18,data\scenes\gacs_animations_00_WIPV1iwz_scene_19.jpg,fixed_8s
20,gacs_animations_00_WIPV1iwz.mp4,168,176,8,17,data\scenes\gacs_animations_00_WIPV1iwz_scene_20.jpg,fixed_8s
21,gacs_animations_00_WIPV1iwz.mp4,192,200,8,17,data\scenes\gacs_animations_00_WIPV1iwz_scene_21.jpg,fixed_8s
16,gacs_animations_02_qLGNj-xr.mp4,128,136,8,16,data\scenes\gacs_animations_02_qLGNj-xr_scene_16.jpg,fixed_8s
17,gacs_animations_02_qLGNj-xr.mp4,136,144,8,16,data\scenes\gacs_animations_02_qLGNj-xr_scene_17.jpg,fixed_8s
18,gacs_animations_02_qLGNj-xr.mp4,144,152,8,16,data\scenes\gacs_animations_02_qLGNj-xr_scene_18.jpg,fixed_8s
19,gacs_animations_02_qLGNj-xr.mp4,152,160,8,16,data\scenes\gacs_animations_02_qLGNj-xr_scene_19.jpg,fixed_8s
15,gacs_emotional_shorts_00_WAmw-erI.mp4,120,128,8,17,data\scenes\gacs_emotional_shorts_00_WAmw-erI_scene_15.jpg,fixed_8s
16,gacs_emotional_shorts_00_WAmw-erI.mp4,128,136,8,17,data\scenes\gacs_emotional_shorts_00_WAmw-erI_scene_16.jpg,fixed_8s
17,gacs_emotional_shorts_00_WAmw-erI.mp4,136,144,8,16,data\scenes\gacs_emotional_shorts_00_WAmw-erI_scene_17.jpg,fixed_8s
18,gacs_emotional_shorts_00_WAmw-erI.mp4,144,152,8,17,data\scenes\gacs_emotional_shorts_00_WAmw-erI_scene_18.jpg,fixed_8s
19,gacs_emotional_shorts_00_WAmw-erI.mp4,152,160,8,17,data\scenes\gacs_emotional_shorts_00_WAmw-erI_scene_19.jpg,fixed_8s
20,gacs_emotional_shorts_00_WAmw-erI.mp4,160,168,8,16,data\scenes\gacs_emotional_shorts_00_WAmw-erI_scene_20.jpg,fixed_8s
21,gacs_emotional_shorts_00_WAmw-erI.mp4,168,176,8,17,data\scenes\gacs_emotional_shorts_00_WAmw-erI_scene_21.jpg,fixed_8s
22,gacs_emotional_shorts_00_WAmw-erI.mp4,176,184,8,17,data\scenes\gacs_emotional_shorts_00_WAmw-erI_scene_22.jpg,fixed_8s
23,gacs_emotional_shorts_00_WAmw-erI.mp4,184,192,8,16,data\scenes\gacs_emotional_shorts_00_WAmw-erI_scene_23.jpg,fixed_8s
24,gacs_emotional_shorts_00_WAmw-erI.mp4,192,200,8,17,data\scenes\gacs_emotional_shorts_00_WAmw-erI_scene_24.jpg,fixed_8s
25,gacs_emotional_shorts_00_WAmw-erI.mp4,200,208,8,17,data\scenes\gacs_emotional_shorts_00_WAmw-erI_scene_25.jpg,fixed_8s
26,gacs_emotional_shorts_00_WAmw-erI.mp4,208,216,8,16,data\scenes\gacs_emotional_shorts_00_WAmw-erI_scene_26.jpg,fixed_8s
27,gacs_emotional_shorts_00_WAmw-erI.mp4,216,224,8,17,data\scenes\gacs_emotional_shorts_00_WAmw-erI_scene_27.jpg,fixed_8s
28,gacs_emotional_shorts_00_WAmw-erI.mp4,224,232,8,17,data\scenes\gacs_emotional_shorts_00_WAmw-erI_scene_28.jpg,fixed_8s
29,gacs_emotional_shorts_00_WAmw-erI.mp4,232,240,8,16,data\scenes\gacs_emotional_shorts_00_WAmw-erI_scene_29.jpg,fixed_8s
30,gacs_emotional_shorts_00_WAmw-erI.mp4,240,248,8,17,data\scenes\gacs_emotional_shorts_00_WAmw-erI_scene_30.jpg,fixed_8s
31,gacs_emotional_shorts_00_WAmw-erI.mp4,248,256,8,17,data\scenes\gacs_emotional_shorts_00_WAmw-erI_scene_31.jpg,fixed_8s
32,gacs_emotional_shorts_00_WAmw-erI.mp4,256,264,8,16,data\scenes\gacs_emotional_shorts_00_WAmw-erI_scene_32.jpg,fixed_8s
33,gacs_emotional_shorts_00_WAmw-erI.mp4,264,272,8,17,data\scenes\gacs_emotional_shorts_00_WAmw-erI_scene_33.jpg,fixed_8s
34,gacs_emotional_shorts_00_WAmw-erI.mp4,272,280,8,17,data\scenes\gacs_emotional_shorts_00_WAmw-erI_scene_34.jpg,fixed_8s
35,gacs_emotional_shorts_00_WAmw-erI.mp4,280,288,8,16,data\scenes\gacs_emotional_shorts_00_WAmw-erI_scene_35.jpg,fixed_8s
36,gacs_emotional_shorts_00_WAmw-erI.mp4,288,296,8,17,data\scenes\gacs_emotional_shorts_00_WAmw-erI_scene_36.jpg,fixed_8s
37,gacs_emotional_shorts_00_WAmw-erI.mp4,296,304,8,17,data\scenes\gacs_emotional_shorts_00_WAmw-erI_scene_37.jpg,fixed_8s
38,gacs_emotional_shorts_00_WAmw-erI.mp4,304,312,8,16,data\scenes\gacs_emotional_shorts_00_WAmw-erI_scene_38.jpg,fixed_8s
39,gacs_emotional_shorts_00_WAmw-erI.mp4,312,320,8,17,data\scenes\gacs_emotional_shorts_00_WAmw-erI_scene_39.jpg,fixed_8s
40,gacs_emotional_shorts_00_WAmw-erI.mp4,320,328,8,17,data\scenes\gacs_emotional_shorts_00_WAmw-erI_scene_40.jpg,fixed_8s
41,gacs_emotional_shorts_00_WAmw-erI.mp4,328,336,8,16,data\scenes\gacs_emotional_shorts_00_WAmw-erI_scene_41.jpg,fixed_8s
42,gacs_emotional_shorts_00_WAmw-erI.mp4,336,344,8,17,data\scenes\gacs_emotional_shorts_00_WAmw-erI_scene_42.jpg,fixed_8s
43,gacs_emotional_shorts_00_WAmw-erI.mp4,344,352,8,17,data\scenes\gacs_emotional_shorts_00_WAmw-erI_scene_43.jpg,fixed_8s
44,gacs_emotional_shorts_00_WAmw-erI.mp4,352,360,8,16,data\scenes\gacs_emotional_shorts_00_WAmw-erI_scene_44.jpg,fixed_8s
45,gacs_emotional_shorts_00_WAmw-erI.mp4,360,368,8,17,data\scenes\gacs_emotional_shorts_00_WAmw-erI_scene_45.jpg,fixed_8s
46,gacs_emotional_shorts_00_WAmw-erI.mp4,368,376,8,17,data\scenes\gacs_emotional_shorts_00_WAmw-erI_scene_46.jpg,fixed_8s
47,gacs_emotional_shorts_00_WAmw-erI.mp4,376,384,8,16,data\scenes\gacs_emotional_shorts_00_WAmw-erI_scene_47.jpg,fixed_8s
48,gacs_emotional_shorts_00_WAmw-erI.mp4,384,392,8,17,data\scenes\gacs_emotional_shorts_00_WAmw-erI_scene_48.jpg,fixed_8s
49,gacs_emotional_shorts_00_WAmw-erI.mp4,392,400,8,17,data\scenes\gacs_emotional_shorts_00_WAmw-erI_scene_49.jpg,fixed_8s
50,gacs_emotional_shorts_00_WAmw-erI.mp4,400,408,8,16,data\scenes\gacs_emotional_shorts_00_WAmw-erI_scene_50.jpg,fixed_8s
51,gacs_emotional_shorts_00_WAmw-erI.mp4,408,416,8,17,data\scenes\gacs_emotional_shorts_00_WAmw-erI_scene_51.jpg,fixed_8s
52,gacs_emotional_shorts_00_WAmw-erI.mp4,416,424,8,17,data\scenes\gacs_emotional_shorts_00_WAmw-erI_scene_52.jpg,fixed_8s
53,gacs_emotional_shorts_00_WAmw-erI.mp4,424,432,8,16,data\scenes\gacs_emotional_shorts_00_WAmw-erI_scene_53.jpg,fixed_8s
54,gacs_emotional_shorts_00_WAmw-erI.mp4,432,440,8,17,data\scenes\gacs_emotional_shorts_00_WAmw-erI_scene_54.jpg,fixed_8s
55,gacs_emotional_shorts_00_WAmw-erI.mp4,440,448,8,17,data\scenes\gacs_emotional_shorts_00_WAmw-erI_scene_55.jpg,fixed_8s
56,gacs_emotional_shorts_00_WAmw-erI.mp4,448,456,8,16,data\scenes\gacs_emotional_shorts_00_WAmw-erI_scene_56.jpg,fixed_8s
57,gacs_emotional_shorts_00_WAmw-erI.mp4,456,464,8,17,data\scenes\gacs_emotional_shorts_00_WAmw-erI_scene_57.jpg,fixed_8s
58,gacs_emotional_shorts_00_WAmw-erI.mp4,464,472,8,17,data\scenes\gacs_emotional_shorts_00_WAmw-erI_scene_58.jpg,fixed_8s
59,gacs_emotional_shorts_00_WAmw-erI.mp4,472,480,8,16,data\scenes\gacs_emotional_shorts_00_WAmw-erI_scene_59.jpg,fixed_8s
60,gacs_emotional_shorts_00_WAmw-erI.mp4,480,488,8,17,data\scenes\gacs_emotional_shorts_00_WAmw-erI_scene_60.jpg,fixed_8s
61,gacs_emotional_shorts_00_WAmw-erI.mp4,488,496,8,17,data\scenes\gacs_emotional_shorts_00_WAmw-erI_scene_61.jpg,fixed_8s
62,gacs_emotional_shorts_00_WAmw-erI.mp4,496,504,8,16,data\scenes\gacs_emotional_shorts_00_WAmw-erI_scene_62.jpg,fixed_8s
63,gacs_emotional_shorts_00_WAmw-erI.mp4,504,512,8,17,data\scenes\gacs_emotional_shorts_00_WAmw-erI_scene_63.jpg,fixed_8s
64,gacs_emotional_shorts_00_WAmw-erI.mp4,512,520,8,17,data\scenes\gacs_emotional_shorts_00_WAmw-erI_scene_64.jpg,fixed_8s
65,gacs_emotional_shorts_00_WAmw-erI.mp4,520,528,8,16,data\scenes\gacs_emotional_shorts_00_WAmw-erI_scene_65.jpg,fixed_8s
66,gacs_emotional_shorts_00_WAmw-erI.mp4,528,536,8,17,data\scenes\gacs_emotional_shorts_00_WAmw-erI_scene_66.jpg,fixed_8s
67,gacs_emotional_shorts_00_WAmw-erI.mp4,536,544,8,17,data\scenes\gacs_emotional_shorts_00_WAmw-erI_scene_67.jpg,fixed_8s
68,gacs_emotional_shorts_00_WAmw-erI.mp4,544,552,8,16,data\scenes\gacs_emotional_shorts_00_WAmw-erI_scene_68.jpg,fixed_8s
69,gacs_emotional_shorts_00_WAmw-erI.mp4,552,560,8,17,data\scenes\gacs_emotional_shorts_00_WAmw-erI_scene_69.jpg,fixed_8s
70,gacs_emotional_shorts_00_WAmw-erI.mp4,560,568,8,17,data\scenes\gacs_emotional_shorts_00_WAmw-erI_scene_70.jpg,fixed_8s
71,gacs_emotional_shorts_00_WAmw-erI.mp4,568,576,8,16,data\scenes\gacs_emotional_shorts_00_WAmw-erI_scene_71.jpg,fixed_8s
72,gacs_emotional_shorts_00_WAmw-erI.mp4,576,584,8,17,data\scenes\gacs_emotional_shorts_00_WAmw-erI_scene_72.jpg,fixed_8s
73,gacs_emotional_shorts_00_WAmw-erI.mp4,584,592,8,17,data\scenes\gacs_emotional_shorts_00_WAmw-erI_scene_73.jpg,fixed_8s
74,gacs_emotional_shorts_00_WAmw-erI.mp4,592,600,8,16,data\scenes\gacs_emotional_shorts_00_WAmw-erI_scene_74.jpg,fixed_8s
75,gacs_emotional_shorts_00_WAmw-erI.mp4,600,608,8,17,data\scenes\gacs_emotional_shorts_00_WAmw-erI_scene_75.jpg,fixed_8s
76,gacs_emotional_shorts_00_WAmw-erI.mp4,608,616,8,17,data\scenes\gacs_emotional_shorts_00_WAmw-erI_scene_76.jpg,fixed_8s
77,gacs_emotional_shorts_00_WAmw-erI.mp4,616,624,8,16,data\scenes\gacs_emotional_shorts_00_WAmw-erI_scene_77.jpg,fixed_8s
78,gacs_emotional_shorts_00_WAmw-erI.mp4,624,632,8,17,data\scenes\gacs_emotional_shorts_00_WAmw-erI_scene_78.jpg,fixed_8s
79,gacs_emotional_shorts_00_WAmw-erI.mp4,632,640,8,17,data\scenes\gacs_emotional_shorts_00_WAmw-erI_scene_79.jpg,fixed_8s
80,gacs_emotional_shorts_00_WAmw-erI.mp4,640,648,8,16,data\scenes\gacs_emotional_shorts_00_WAmw-erI_scene_80.jpg,fixed_8s
81,gacs_emotional_shorts_00_WAmw-erI.mp4,648,656,8,17,data\scenes\gacs_emotional_shorts_00_WAmw-erI_scene_81.jpg,fixed_8s
82,gacs_emotional_shorts_00_WAmw-erI.mp4,656,664,8,17,data\scenes\gacs_emotional_shorts_00_WAmw-erI_scene_82.jpg,fixed_8s
83,gacs_emotional_shorts_00_WAmw-erI.mp4,664,672,8,16,data\scenes\gacs_emotional_shorts_00_WAmw-erI_scene_83.jpg,fixed_8s
84,gacs_emotional_shorts_00_WAmw-erI.mp4,672,680,8,17,data\scenes\gacs_emotional_shorts_00_WAmw-erI_scene_84.jpg,fixed_8s
85,gacs_emotional_shorts_00_WAmw-erI.mp4,680,688,8,17,data\scenes\gacs_emotional_shorts_00_WAmw-erI_scene_85.jpg,fixed_8s
86,gacs_emotional_shorts_00_WAmw-erI.mp4,688,696,8,16,data\scenes\gacs_emotional_shorts_00_WAmw-erI_scene_86.jpg,fixed_8s
87,gacs_emotional_shorts_00_WAmw-erI.mp4,696,704,8,17,data\scenes\gacs_emotional_shorts_00_WAmw-erI_scene_87.jpg,fixed_8s
88,gacs_emotional_shorts_00_WAmw-erI.mp4,704,712,8,17,data\scenes\gacs_emotional_shorts_00_WAmw-erI_scene_88.jpg,fixed_8s
89,gacs_emotional_shorts_00_WAmw-erI.mp4,712,720,8,16,data\scenes\gacs_emotional_shorts_00_WAmw-erI_scene_89.jpg,fixed_8s
90,gacs_emotional_shorts_00_WAmw-erI.mp4,720,728,8,17,data\scenes\gacs_emotional_shorts_00_WAmw-erI_scene_90.jpg,fixed_8s
91,gacs_emotional_shorts_00_WAmw-erI.mp4,728,736,8,17,data\scenes\gacs_emotional_shorts_00_WAmw-erI_scene_91.jpg,fixed_8s
92,gacs_emotional_shorts_00_WAmw-erI.mp4,736,744,8,16,data\scenes\gacs_emotional_shorts_00_WAmw-erI_scene_92.jpg,fixed_8s
93,gacs_emotional_shorts_00_WAmw-erI.mp4,744,752,8,17,data\scenes\gacs_emotional_shorts_00_WAmw-erI_scene_93.jpg,fixed_8s
94,gacs_emotional_shorts_00_WAmw-erI.mp4,752,760,8,17,data\scenes\gacs_emotional_shorts_00_WAmw-erI_scene_94.jpg,fixed_8s
95,gacs_emotional_shorts_00_WAmw-erI.mp4,760,768,8,16,data\scenes\gacs_emotional_shorts_00_WAmw-erI_scene_95.jpg,fixed_8s
96,gacs_emotional_shorts_00_WAmw-erI.mp4,768,776,8,17,data\scenes\gacs_emotional_shorts_00_WAmw-erI_scene_96.jpg,fixed_8s
97,gacs_emotional_shorts_00_WAmw-erI.mp4,776,784,8,17,data\scenes\gacs_emotional_shorts_00_WAmw-erI_scene_97.jpg,fixed_8s
98,gacs_emotional_shorts_00_WAmw-erI.mp4,784,792,8,16,data\scenes\gacs_emotional_shorts_00_WAmw-erI_scene_98.jpg,fixed_8s
99,gacs_emotional_shorts_00_WAmw-erI.mp4,792,800,8,17,data\scenes\gacs_emotional_shorts_00_WAmw-erI_scene_99.jpg,fixed_8s
100,gacs_emotional_shorts_00_WAmw-erI.mp4,800,808,8,17,data\scenes\gacs_emotional_shorts_00_WAmw-erI_scene_100.jpg,fixed_8s
101,gacs_emotional_shorts_00_WAmw-erI.mp4,808,816,8,16,data\scenes\gacs_emotional_shorts_00_WAmw-erI_scene_101.jpg,fixed_8s
102,gacs_emotional_shorts_00_WAmw-erI.mp4,816,824,8,17,data\scenes\gacs_emotional_shorts_00_WAmw-erI_scene_102.jpg,fixed_8s
103,gacs_emotional_shorts_00_WAmw-erI.mp4,824,832,8,17,data\scenes\gacs_emotional_shorts_00_WAmw-erI_scene_103.jpg,fixed_8s
104,gacs_emotional_shorts_00_WAmw-erI.mp4,832,840,8,16,data\scenes\gacs_emotional_shorts_00_WAmw-erI_scene_104.jpg,fixed_8s
105,gacs_emotional_shorts_00_WAmw-erI.mp4,840,848,8,17,data\scenes\gacs_emotional_shorts_00_WAmw-erI_scene_105.jpg,fixed_8s
106,gacs_emotional_shorts_00_WAmw-erI.mp4,848,856,8,17,data\scenes\gacs_emotional_shorts_00_WAmw-erI_scene_106.jpg,fixed_8s
107,gacs_emotional_shorts_00_WAmw-erI.mp4,856,864,8,16,data\scenes\gacs_emotional_shorts_00_WAmw-erI_scene_107.jpg,fixed_8s
108,gacs_emotional_shorts_00_WAmw-erI.mp4,864,872,8,17,data\scenes\gacs_emotional_shorts_00_WAmw-erI_scene_108.jpg,fixed_8s
109,gacs_emotional_shorts_00_WAmw-erI.mp4,872,880,8,17,data\scenes\gacs_emotional_shorts_00_WAmw-erI_scene_109.jpg,fixed_8s
110,gacs_emotional_shorts_00_WAmw-erI.mp4,880,888,8,16,data\scenes\gacs_emotional_shorts_00_WAmw-erI_scene_110.jpg,fixed_8s
111,gacs_emotional_shorts_00_WAmw-erI.mp4,888,896,8,17,data\scenes\gacs_emotional_shorts_00_WAmw-erI_scene_111.jpg,fixed_8s
112,gacs_emotional_shorts_00_WAmw-erI.mp4,896,904,8,17,data\scenes\gacs_emotional_shorts_00_WAmw-erI_scene_112.jpg,fixed_8s
113,gacs_emotional_shorts_00_WAmw-erI.mp4,904,912,8,16,data\scenes\gacs_emotional_shorts_00_WAmw-erI_scene_113.jpg,fixed_8s
114,gacs_emotional_shorts_00_WAmw-erI.mp4,912,920,8,17,data\scenes\gacs_emotional_shorts_00_WAmw-erI_scene_114.jpg,fixed_8s
115,gacs_emotional_shorts_00_WAmw-erI.mp4,920,928,8,17,data\scenes\gacs_emotional_shorts_00_WAmw-erI_scene_115.jpg,fixed_8s
116,gacs_emotional_shorts_00_WAmw-erI.mp4,928,936,8,16,data\scenes\gacs_emotional_shorts_00_WAmw-erI_scene_116.jpg,fixed_8s
117,gacs_emotional_shorts_00_WAmw-erI.mp4,936,944,8,17,data\scenes\gacs_emotional_shorts_00_WAmw-erI_scene_117.jpg,fixed_8s
118,gacs_emotional_shorts_00_WAmw-erI.mp4,944,952,8,17,data\scenes\gacs_emotional_shorts_00_WAmw-erI_scene_118.jpg,fixed_8s
119,gacs_emotional_shorts_00_WAmw-erI.mp4,952,960,8,16,data\scenes\gacs_emotional_shorts_00_WAmw-erI_scene_119.jpg,fixed_8s
120,gacs_emotional_shorts_00_WAmw-erI.mp4,960,968,8,17,data\scenes\gacs_emotional_shorts_00_WAmw-erI_scene_120.jpg,fixed_8s
121,gacs_emotional_shorts_00_WAmw-erI.mp4,968,976,8,17,data\scenes\gacs_emotional_shorts_00_WAmw-erI_scene_121.jpg,fixed_8s
122,gacs_emotional_shorts_00_WAmw-erI.mp4,976,984,8,16,data\scenes\gacs_emotional_shorts_00_WAmw-erI_scene_122.jpg,fixed_8s
123,gacs_emotional_shorts_00_WAmw-erI.mp4,984,992,8,17,data\scenes\gacs_emotional_shorts_00_WAmw-erI_scene_123.jpg,fixed_8s
124,gacs_emotional_shorts_00_WAmw-erI.mp4,992,1000,8,17,data\scenes\gacs_emotional_shorts_00_WAmw-erI_scene_124.jpg,fixed_8s
125,gacs_emotional_shorts_00_WAmw-erI.mp4,1000,1008,8,16,data\scenes\gacs_emotional_shorts_00_WAmw-erI_scene_125.jpg,fixed_8s
126,gacs_emotional_shorts_00_WAmw-erI.mp4,1008,1016,8,17,data\scenes\gacs_emotional_shorts_00_WAmw-erI_scene_126.jpg,fixed_8s
127,gacs_emotional_shorts_00_WAmw-erI.mp4,1016,1024,8,17,data\scenes\gacs_emotional_shorts_00_WAmw-erI_scene_127.jpg,fixed_8s
128,gacs_emotional_shorts_00_WAmw-erI.mp4,1024,1032,8,16,data\scenes\gacs_emotional_shorts_00_WAmw-erI_scene_128.jpg,fixed_8s
129,gacs_emotional_shorts_00_WAmw-erI.mp4,1032,1040,8,17,data\scenes\gacs_emotional_shorts_00_WAmw-erI_scene_129.jpg,fixed_8s
130,gacs_emotional_shorts_00_WAmw-erI.mp4,1040,1048,8,17,data\scenes\gacs_emotional_shorts_00_WAmw-erI_scene_130.jpg,fixed_8s
131,gacs_emotional_shorts_00_WAmw-erI.mp4,1048,1056,8,16,data\scenes\gacs_emotional_shorts_00_WAmw-erI_scene_131.jpg,fixed_8s
132,gacs_emotional_shorts_00_WAmw-erI.mp4,1056,1064,8,17,data\scenes\gacs_emotional_shorts_00_WAmw-erI_scene_132.jpg,fixed_8s
133,gacs_emotional_shorts_00_WAmw-erI.mp4,1064,1072,8,17,data\scenes\gacs_emotional_shorts_00_WAmw-erI_scene_133.jpg,fixed_8s
134,gacs_emotional_shorts_00_WAmw-erI.mp4,1080,1088,8,17,data\scenes\gacs_emotional_shorts_00_WAmw-erI_scene_134.jpg,fixed_8s
135,gacs_emotional_shorts_00_WAmw-erI.mp4,1088,1096,8,17,data\scenes\gacs_emotional_shorts_00_WAmw-erI_scene_135.jpg,fixed_8s
136,gacs_emotional_shorts_00_WAmw-erI.mp4,1096,1104,8,16,data\scenes\gacs_emotional_shorts_00_WAmw-erI_scene_136.jpg,fixed_8s
137,gacs_emotional_shorts_00_WAmw-erI.mp4,1104,1112,8,17,data\scenes\gacs_emotional_shorts_00_WAmw-erI_scene_137.jpg,fixed_8s
138,gacs_emotional_shorts_00_WAmw-erI.mp4,1112,1120,8,17,data\scenes\gacs_emotional_shorts_00_WAmw-erI_scene_138.jpg,fixed_8s
139,gacs_emotional_shorts_00_WAmw-erI.mp4,1120,1128,8,16,data\scenes\gacs_emotional_shorts_00_WAmw-erI_scene_139.jpg,fixed_8s
140,gacs_emotional_shorts_00_WAmw-erI.mp4,1128,1136,8,17,data\scenes\gacs_emotional_shorts_00_WAmw-erI_scene_140.jpg,fixed_8s
141,gacs_emotional_shorts_00_WAmw-erI.mp4,1136,1144,8,17,data\scenes\gacs_emotional_shorts_00_WAmw-erI_scene_141.jpg,fixed_8s
142,gacs_emotional_shorts_00_WAmw-erI.mp4,1144,1152,8,16,data\scenes\gacs_emotional_shorts_00_WAmw-erI_scene_142.jpg,fixed_8s
143,gacs_emotional_shorts_00_WAmw-erI.mp4,1152,1160,8,17,data\scenes\gacs_emotional_shorts_00_WAmw-erI_scene_143.jpg,fixed_8s
144,gacs_emotional_shorts_00_WAmw-erI.mp4,1160,1168,8,17,data\scenes\gacs_emotional_shorts_00_WAmw-erI_scene_144.jpg,fixed_8s
15,gacs_emotional_shorts_01_LIed92r8.mp4,120,128,8,17,data\scenes\gacs_emotional_shorts_01_LIed92r8_scene_15.jpg,fixed_8s
16,gacs_emotional_shorts_01_LIed92r8.mp4,128,136,8,17,data\scenes\gacs_emotional_shorts_01_LIed92r8_scene_16.jpg,fixed_8s
17,gacs_emotional_shorts_01_LIed92r8.mp4,136,144,8,16,data\scenes\gacs_emotional_shorts_01_LIed92r8_scene_17.jpg,fixed_8s
18,gacs_emotional_shorts_01_LIed92r8.mp4,144,152,8,17,data\scenes\gacs_emotional_shorts_01_LIed92r8_scene_18.jpg,fixed_8s
19,gacs_emotional_shorts_01_LIed92r8.mp4,152,160,8,17,data\scenes\gacs_emotional_shorts_01_LIed92r8_scene_19.jpg,fixed_8s
20,gacs_emotional_shorts_01_LIed92r8.mp4,160,168,8,16,data\scenes\gacs_emotional_shorts_01_LIed92r8_scene_20.jpg,fixed_8s
21,gacs_emotional_shorts_01_LIed92r8.mp4,168,176,8,17,data\scenes\gacs_emotional_shorts_01_LIed92r8_scene_21.jpg,fixed_8s
22,gacs_emotional_shorts_01_LIed92r8.mp4,176,184,8,17,data\scenes\gacs_emotional_shorts_01_LIed92r8_scene_22.jpg,fixed_8s
7,gacs_emotional_shorts_02_DZQtVmKM.mp4,56,64,8,16,data\scenes\gacs_emotional_shorts_02_DZQtVmKM_scene_07.jpg,fixed_8s
8,gacs_emotional_shorts_02_DZQtVmKM.mp4,64,72,8,16,data\scenes\gacs_emotional_shorts_02_DZQtVmKM_scene_08.jpg,fixed_8s
9,gacs_emotional_shorts_02_DZQtVmKM.mp4,72,80,8,16,data\scenes\gacs_emotional_shorts_02_DZQtVmKM_scene_09.jpg,fixed_8s
10,gacs_emotional_shorts_02_DZQtVmKM.mp4,80,88,8,16,data\scenes\gacs_emotional_shorts_02_DZQtVmKM_scene_10.jpg,fixed_8s
11,gacs_emotional_shorts_02_DZQtVmKM.mp4,88,96,8,16,data\scenes\gacs_emotional_shorts_02_DZQtVmKM_scene_11.jpg,fixed_8s
12,gacs_emotional_shorts_02_DZQtVmKM.mp4,96,104,8,16,data\scenes\gacs_emotional_shorts_02_DZQtVmKM_scene_12.jpg,fixed_8s
13,gacs_emotional_shorts_02_DZQtVmKM.mp4,104,112,8,16,data\scenes\gacs_emotional_shorts_02_DZQtVmKM_scene_13.jpg,fixed_8s
14,gacs_emotional_shorts_02_DZQtVmKM.mp4,112,120,8,16,data\scenes\gacs_emotional_shorts_02_DZQtVmKM_scene_14.jpg,fixed_8s
15,gacs_emotional_shorts_02_DZQtVmKM.mp4,120,128,8,16,data\scenes\gacs_emotional_shorts_02_DZQtVmKM_scene_15.jpg,fixed_8s
16,gacs_emotional_shorts_02_DZQtVmKM.mp4,128,136,8,16,data\scenes\gacs_emotional_shorts_02_DZQtVmKM_scene_16.jpg,fixed_8s
17,gacs_emotional_shorts_02_DZQtVmKM.mp4,136,144,8,16,data\scenes\gacs_emotional_shorts_02_DZQtVmKM_scene_17.jpg,fixed_8s
18,gacs_emotional_shorts_02_DZQtVmKM.mp4,144,152,8,16,data\scenes\gacs_emotional_shorts_02_DZQtVmKM_scene_18.jpg,fixed_8s
19,gacs_emotional_shorts_02_DZQtVmKM.mp4,152,160,8,16,data\scenes\gacs_emotional_shorts_02_DZQtVmKM_scene_19.jpg,fixed_8s
20,gacs_emotional_shorts_02_DZQtVmKM.mp4,160,168,8,16,data\scenes\gacs_emotional_shorts_02_DZQtVmKM_scene_20.jpg,fixed_8s
21,gacs_emotional_shorts_02_DZQtVmKM.mp4,168,176,8,16,data\scenes\gacs_emotional_shorts_02_DZQtVmKM_scene_21.jpg,fixed_8s
22,gacs_emotional_shorts_02_DZQtVmKM.mp4,176,184,8,16,data\scenes\gacs_emotional_shorts_02_DZQtVmKM_scene_22.jpg,fixed_8s
23,gacs_emotional_shorts_02_DZQtVmKM.mp4,184,192,8,16,data\scenes\gacs_emotional_shorts_02_DZQtVmKM_scene_23.jpg,fixed_8s
24,gacs_emotional_shorts_02_DZQtVmKM.mp4,192,200,8,16,data\scenes\gacs_emotional_shorts_02_DZQtVmKM_scene_24.jpg,fixed_8s
25,gacs_emotional_shorts_02_DZQtVmKM.mp4,200,208,8,16,data\scenes\gacs_emotional_shorts_02_DZQtVmKM_scene_25.jpg,fixed_8s
26,gacs_emotional_shorts_02_DZQtVmKM.mp4,208,216,8,16,data\scenes\gacs_emotional_shorts_02_DZQtVmKM_scene_26.jpg,fixed_8s
27,gacs_emotional_shorts_02_DZQtVmKM.mp4,216,224,8,16,data\scenes\gacs_emotional_shorts_02_DZQtVmKM_scene_27.jpg,fixed_8s
28,gacs_emotional_shorts_02_DZQtVmKM.mp4,224,232,8,16,data\scenes\gacs_emotional_shorts_02_DZQtVmKM_scene_28.jpg,fixed_8s
29,gacs_emotional_shorts_02_DZQtVmKM.mp4,232,240,8,16,data\scenes\gacs_emotional_shorts_02_DZQtVmKM_scene_29.jpg,fixed_8s
30,gacs_emotional_shorts_02_DZQtVmKM.mp4,240,248,8,16,data\scenes\gacs_emotional_shorts_02_DZQtVmKM_scene_30.jpg,fixed_8s
31,gacs_emotional_shorts_02_DZQtVmKM.mp4,248,256,8,16,data\scenes\gacs_emotional_shorts_02_DZQtVmKM_scene_31.jpg,fixed_8s
32,gacs_emotional_shorts_02_DZQtVmKM.mp4,256,264,8,16,data\scenes\gacs_emotional_shorts_02_DZQtVmKM_scene_32.jpg,fixed_8s
33,gacs_emotional_shorts_02_DZQtVmKM.mp4,264,272,8,16,data\scenes\gacs_emotional_shorts_02_DZQtVmKM_scene_33.jpg,fixed_8s
34,gacs_emotional_shorts_02_DZQtVmKM.mp4,272,280,8,16,data\scenes\gacs_emotional_shorts_02_DZQtVmKM_scene_34.jpg,fixed_8s
35,gacs_emotional_shorts_02_DZQtVmKM.mp4,280,288,8,16,data\scenes\gacs_emotional_shorts_02_DZQtVmKM_scene_35.jpg,fixed_8s
36,gacs_emotional_shorts_02_DZQtVmKM.mp4,288,296,8,16,data\scenes\gacs_emotional_shorts_02_DZQtVmKM_scene_36.jpg,fixed_8s
37,gacs_emotional_shorts_02_DZQtVmKM.mp4,296,304,8,16,data\scenes\gacs_emotional_shorts_02_DZQtVmKM_scene_37.jpg,fixed_8s
38,gacs_emotional_shorts_02_DZQtVmKM.mp4,320,328,8,16,data\scenes\gacs_emotional_shorts_02_DZQtVmKM_scene_38.jpg,fixed_8s
39,gacs_emotional_shorts_02_DZQtVmKM.mp4,328,336,8,16,data\scenes\gacs_emotional_shorts_02_DZQtVmKM_scene_39.jpg,fixed_8s
40,gacs_emotional_shorts_02_DZQtVmKM.mp4,336,344,8,16,data\scenes\gacs_emotional_shorts_02_DZQtVmKM_scene_40.jpg,fixed_8s
41,gacs_emotional_shorts_02_DZQtVmKM.mp4,344,352,8,16,data\scenes\gacs_emotional_shorts_02_DZQtVmKM_scene_41.jpg,fixed_8s
42,gacs_emotional_shorts_02_DZQtVmKM.mp4,352,360,8,16,data\scenes\gacs_emotional_shorts_02_DZQtVmKM_scene_42.jpg,fixed_8s
43,gacs_emotional_shorts_02_DZQtVmKM.mp4,360,368,8,16,data\scenes\gacs_emotional_shorts_02_DZQtVmKM_scene_43.jpg,fixed_8s
44,gacs_emotional_shorts_02_DZQtVmKM.mp4,368,376,8,16,data\scenes\gacs_emotional_shorts_02_DZQtVmKM_scene_44.jpg,fixed_8s
45,gacs_emotional_shorts_02_DZQtVmKM.mp4,376,384,8,16,data\scenes\gacs_emotional_shorts_02_DZQtVmKM_scene_45.jpg,fixed_8s
46,gacs_emotional_shorts_02_DZQtVmKM.mp4,384,392,8,16,data\scenes\gacs_emotional_shorts_02_DZQtVmKM_scene_46.jpg,fixed_8s
47,gacs_emotional_shorts_02_DZQtVmKM.mp4,392,400,8,16,data\scenes\gacs_emotional_shorts_02_DZQtVmKM_scene_47.jpg,fixed_8s
48,gacs_emotional_shorts_02_DZQtVmKM.mp4,400,408,8,16,data\scenes\gacs_emotional_shorts_02_DZQtVmKM_scene_48.jpg,fixed_8s
49,gacs_emotional_shorts_02_DZQtVmKM.mp4,408,416,8,16,data\scenes\gacs_emotional_shorts_02_DZQtVmKM_scene_49.jpg,fixed_8s
50,gacs_emotional_shorts_02_DZQtVmKM.mp4,416,424,8,16,data\scenes\gacs_emotional_shorts_02_DZQtVmKM_scene_50.jpg,fixed_8s
51,gacs_emotional_shorts_02_DZQtVmKM.mp4,424,432,8,16,data\scenes\gacs_emotional_shorts_02_DZQtVmKM_scene_51.jpg,fixed_8s
52,gacs_emotional_shorts_02_DZQtVmKM.mp4,432,440,8,16,data\scenes\gacs_emotional_shorts_02_DZQtVmKM_scene_52.jpg,fixed_8s
53,gacs_emotional_shorts_02_DZQtVmKM.mp4,440,448,8,16,data\scenes\gacs_emotional_shorts_02_DZQtVmKM_scene_53.jpg,fixed_8s
54,gacs_emotional_shorts_02_DZQtVmKM.mp4,448,456,8,16,data\scenes\gacs_emotional_shorts_02_DZQtVmKM_scene_54.jpg,fixed_8s
55,gacs_emotional_shorts_02_DZQtVmKM.mp4,456,464,8,16,data\scenes\gacs_emotional_shorts_02_DZQtVmKM_scene_55.jpg,fixed_8s
56,gacs_emotional_shorts_02_DZQtVmKM.mp4,464,472,8,16,data\scenes\gacs_emotional_shorts_02_DZQtVmKM_scene_56.jpg,fixed_8s
57,gacs_emotional_shorts_02_DZQtVmKM.mp4,472,480,8,16,data\scenes\gacs_emotional_shorts_02_DZQtVmKM_scene_57.jpg,fixed_8s
58,gacs_emotional_shorts_02_DZQtVmKM.mp4,480,488,8,16,data\scenes\gacs_emotional_shorts_02_DZQtVmKM_scene_58.jpg,fixed_8s
59,gacs_emotional_shorts_02_DZQtVmKM.mp4,488,496,8,16,data\scenes\gacs_emotional_shorts_02_DZQtVmKM_scene_59.jpg,fixed_8s
60,gacs_emotional_shorts_02_DZQtVmKM.mp4,496,504,8,16,data\scenes\gacs_emotional_shorts_02_DZQtVmKM_scene_60.jpg,fixed_8s
61,gacs_emotional_shorts_02_DZQtVmKM.mp4,504,512,8,16,data\scenes\gacs_emotional_shorts_02_DZQtVmKM_scene_61.jpg,fixed_8s
62,gacs_emotional_shorts_02_DZQtVmKM.mp4,512,520,8,16,data\scenes\gacs_emotional_shorts_02_DZQtVmKM_scene_62.jpg,fixed_8s
63,gacs_emotional_shorts_02_DZQtVmKM.mp4,520,528,8,16,data\scenes\gacs_emotional_shorts_02_DZQtVmKM_scene_63.jpg,fixed_8s
64,gacs_emotional_shorts_02_DZQtVmKM.mp4,528,536,8,16,data\scenes\gacs_emotional_shorts_02_DZQtVmKM_scene_64.jpg,fixed_8s
65,gacs_emotional_shorts_02_DZQtVmKM.mp4,536,544,8,16,data\scenes\gacs_emotional_shorts_02_DZQtVmKM_scene_65.jpg,fixed_8s
66,gacs_emotional_shorts_02_DZQtVmKM.mp4,544,552,8,16,data\scenes\gacs_emotional_shorts_02_DZQtVmKM_scene_66.jpg,fixed_8s
67,gacs_emotional_shorts_02_DZQtVmKM.mp4,552,560,8,16,data\scenes\gacs_emotional_shorts_02_DZQtVmKM_scene_67.jpg,fixed_8s
68,gacs_emotional_shorts_02_DZQtVmKM.mp4,560,568,8,16,data\scenes\gacs_emotional_shorts_02_DZQtVmKM_scene_68.jpg,fixed_8s
69,gacs_emotional_shorts_02_DZQtVmKM.mp4,568,576,8,16,data\scenes\gacs_emotional_shorts_02_DZQtVmKM_scene_69.jpg,fixed_8s
70,gacs_emotional_shorts_02_DZQtVmKM.mp4,576,584,8,16,data\scenes\gacs_emotional_shorts_02_DZQtVmKM_scene_70.jpg,fixed_8s
71,gacs_emotional_shorts_02_DZQtVmKM.mp4,584,592,8,16,data\scenes\gacs_emotional_shorts_02_DZQtVmKM_scene_71.jpg,fixed_8s
72,gacs_emotional_shorts_02_DZQtVmKM.mp4,592,600,8,16,data\scenes\gacs_emotional_shorts_02_DZQtVmKM_scene_72.jpg,fixed_8s
73,gacs_emotional_shorts_02_DZQtVmKM.mp4,600,608,8,16,data\scenes\gacs_emotional_shorts_02_DZQtVmKM_scene_73.jpg,fixed_8s
74,gacs_emotional_shorts_02_DZQtVmKM.mp4,608,616,8,16,data\scenes\gacs_emotional_shorts_02_DZQtVmKM_scene_74.jpg,fixed_8s
75,gacs_emotional_shorts_02_DZQtVmKM.mp4,616,624,8,16,data\scenes\gacs_emotional_shorts_02_DZQtVmKM_scene_75.jpg,fixed_8s
76,gacs_emotional_shorts_02_DZQtVmKM.mp4,624,632,8,16,data\scenes\gacs_emotional_shorts_02_DZQtVmKM_scene_76.jpg,fixed_8s
77,gacs_emotional_shorts_02_DZQtVmKM.mp4,632,640,8,16,data\scenes\gacs_emotional_shorts_02_DZQtVmKM_scene_77.jpg,fixed_8s
78,gacs_emotional_shorts_02_DZQtVmKM.mp4,640,648,8,16,data\scenes\gacs_emotional_shorts_02_DZQtVmKM_scene_78.jpg,fixed_8s
79,gacs_emotional_shorts_02_DZQtVmKM.mp4,648,656,8,16,data\scenes\gacs_emotional_shorts_02_DZQtVmKM_scene_79.jpg,fixed_8s
80,gacs_emotional_shorts_02_DZQtVmKM.mp4,656,664,8,16,data\scenes\gacs_emotional_shorts_02_DZQtVmKM_scene_80.jpg,fixed_8s
81,gacs_emotional_shorts_02_DZQtVmKM.mp4,664,672,8,16,data\scenes\gacs_emotional_shorts_02_DZQtVmKM_scene_81.jpg,fixed_8s
82,gacs_emotional_shorts_02_DZQtVmKM.mp4,672,680,8,16,data\scenes\gacs_emotional_shorts_02_DZQtVmKM_scene_82.jpg,fixed_8s
83,gacs_emotional_shorts_02_DZQtVmKM.mp4,680,688,8,16,data\scenes\gacs_emotional_shorts_02_DZQtVmKM_scene_83.jpg,fixed_8s
84,gacs_emotional_shorts_02_DZQtVmKM.mp4,688,696,8,16,data\scenes\gacs_emotional_shorts_02_DZQtVmKM_scene_84.jpg,fixed_8s
85,gacs_emotional_shorts_02_DZQtVmKM.mp4,696,704,8,16,data\scenes\gacs_emotional_shorts_02_DZQtVmKM_scene_85.jpg,fixed_8s
86,gacs_emotional_shorts_02_DZQtVmKM.mp4,704,712,8,16,data\scenes\gacs_emotional_shorts_02_DZQtVmKM_scene_86.jpg,fixed_8s
87,gacs_emotional_shorts_02_DZQtVmKM.mp4,712,720,8,16,data\scenes\gacs_emotional_shorts_02_DZQtVmKM_scene_87.jpg,fixed_8s
88,gacs_emotional_shorts_02_DZQtVmKM.mp4,720,728,8,16,data\scenes\gacs_emotional_shorts_02_DZQtVmKM_scene_88.jpg,fixed_8s
89,gacs_emotional_shorts_02_DZQtVmKM.mp4,728,736,8,16,data\scenes\gacs_emotional_shorts_02_DZQtVmKM_scene_89.jpg,fixed_8s
90,gacs_emotional_shorts_02_DZQtVmKM.mp4,736,744,8,16,data\scenes\gacs_emotional_shorts_02_DZQtVmKM_scene_90.jpg,fixed_8s
91,gacs_emotional_shorts_02_DZQtVmKM.mp4,744,752,8,16,data\scenes\gacs_emotional_shorts_02_DZQtVmKM_scene_91.jpg,fixed_8s
92,gacs_emotional_shorts_02_DZQtVmKM.mp4,752,760,8,16,data\scenes\gacs_emotional_shorts_02_DZQtVmKM_scene_92.jpg,fixed_8s
93,gacs_emotional_shorts_02_DZQtVmKM.mp4,760,768,8,16,data\scenes\gacs_emotional_shorts_02_DZQtVmKM_scene_93.jpg,fixed_8s
94,gacs_emotional_shorts_02_DZQtVmKM.mp4,768,776,8,16,data\scenes\gacs_emotional_shorts_02_DZQtVmKM_scene_94.jpg,fixed_8s
95,gacs_emotional_shorts_02_DZQtVmKM.mp4,776,784,8,16,data\scenes\gacs_emotional_shorts_02_DZQtVmKM_scene_95.jpg,fixed_8s
96,gacs_emotional_shorts_02_DZQtVmKM.mp4,784,792,8,16,data\scenes\gacs_emotional_shorts_02_DZQtVmKM_scene_96.jpg,fixed_8s
97,gacs_emotional_shorts_02_DZQtVmKM.mp4,792,800,8,16,data\scenes\gacs_emotional_shorts_02_DZQtVmKM_scene_97.jpg,fixed_8s
98,gacs_emotional_shorts_02_DZQtVmKM.mp4,800,808,8,16,data\scenes\gacs_emotional_shorts_02_DZQtVmKM_scene_98.jpg,fixed_8s
99,gacs_emotional_shorts_02_DZQtVmKM.mp4,808,816,8,16,data\scenes\gacs_emotional_shorts_02_DZQtVmKM_scene_99.jpg,fixed_8s
100,gacs_emotional_shorts_02_DZQtVmKM.mp4,816,824,8,16,data\scenes\gacs_emotional_shorts_02_DZQtVmKM_scene_100.jpg,fixed_8s
101,gacs_emotional_shorts_02_DZQtVmKM.mp4,824,832,8,16,data\scenes\gacs_emotional_shorts_02_DZQtVmKM_scene_101.jpg,fixed_8s
102,gacs_emotional_shorts_02_DZQtVmKM.mp4,832,840,8,16,data\scenes\gacs_emotional_shorts_02_DZQtVmKM_scene_102.jpg,fixed_8s
103,gacs_emotional_shorts_02_DZQtVmKM.mp4,840,848,8,16,data\scenes\gacs_emotional_shorts_02_DZQtVmKM_scene_103.jpg,fixed_8s
104,gacs_emotional_shorts_02_DZQtVmKM.mp4,848,856,8,16,data\scenes\gacs_emotional_shorts_02_DZQtVmKM_scene_104.jpg,fixed_8s
105,gacs_emotional_shorts_02_DZQtVmKM.mp4,856,864,8,16,data\scenes\gacs_emotional_shorts_02_DZQtVmKM_scene_105.jpg,fixed_8s
106,gacs_emotional_shorts_02_DZQtVmKM.mp4,864,872,8,16,data\scenes\gacs_emotional_shorts_02_DZQtVmKM_scene_106.jpg,fixed_8s
107,gacs_emotional_shorts_02_DZQtVmKM.mp4,872,880,8,16,data\scenes\gacs_emotional_shorts_02_DZQtVmKM_scene_107.jpg,fixed_8s
108,gacs_emotional_shorts_02_DZQtVmKM.mp4,880,888,8,16,data\scenes\gacs_emotional_shorts_02_DZQtVmKM_scene_108.jpg,fixed_8s
109,gacs_emotional_shorts_02_DZQtVmKM.mp4,888,896,8,16,data\scenes\gacs_emotional_shorts_02_DZQtVmKM_scene_109.jpg,fixed_8s
110,gacs_emotional_shorts_02_DZQtVmKM.mp4,896,904,8,16,data\scenes\gacs_emotional_shorts_02_DZQtVmKM_scene_110.jpg,fixed_8s
111,gacs_emotional_shorts_02_DZQtVmKM.mp4,904,912,8,16,data\scenes\gacs_emotional_shorts_02_DZQtVmKM_scene_111.jpg,fixed_8s
112,gacs_emotional_shorts_02_DZQtVmKM.mp4,912,920,8,16,data\scenes\gacs_emotional_shorts_02_DZQtVmKM_scene_112.jpg,fixed_8s
113,gacs_emotional_shorts_02_DZQtVmKM.mp4,920,928,8,16,data\scenes\gacs_emotional_shorts_02_DZQtVmKM_scene_113.jpg,fixed_8s
114,gacs_emotional_shorts_02_DZQtVmKM.mp4,928,936,8,16,data\scenes\gacs_emotional_shorts_02_DZQtVmKM_scene_114.jpg,fixed_8s
115,gacs_emotional_shorts_02_DZQtVmKM.mp4,936,944,8,16,data\scenes\gacs_emotional_shorts_02_DZQtVmKM_scene_115.jpg,fixed_8s
116,gacs_emotional_shorts_02_DZQtVmKM.mp4,944,952,8,16,data\scenes\gacs_emotional_shorts_02_DZQtVmKM_scene_116.jpg,fixed_8s
117,gacs_emotional_shorts_02_DZQtVmKM.mp4,952,960,8,16,data\scenes\gacs_emotional_shorts_02_DZQtVmKM_scene_117.jpg,fixed_8s
118,gacs_emotional_shorts_02_DZQtVmKM.mp4,960,968,8,16,data\scenes\gacs_emotional_shorts_02_DZQtVmKM_scene_118.jpg,fixed_8s
119,gacs_emotional_shorts_02_DZQtVmKM.mp4,968,976,8,16,data\scenes\gacs_emotional_shorts_02_DZQtVmKM_scene_119.jpg,fixed_8s
120,gacs_emotional_shorts_02_DZQtVmKM.mp4,976,984,8,16,data\scenes\gacs_emotional_shorts_02_DZQtVmKM_scene_120.jpg,fixed_8s
121,gacs_emotional_shorts_02_DZQtVmKM.mp4,984,992,8,16,data\scenes\gacs_emotional_shorts_02_DZQtVmKM_scene_121.jpg,fixed_8s
122,gacs_emotional_shorts_02_DZQtVmKM.mp4,992,1000,8,16,data\scenes\gacs_emotional_shorts_02_DZQtVmKM_scene_122.jpg,fixed_8s
123,gacs_emotional_shorts_02_DZQtVmKM.mp4,1000,1008,8,16,data\scenes\gacs_emotional_shorts_02_DZQtVmKM_scene_123.jpg,fixed_8s
124,gacs_emotional_shorts_02_DZQtVmKM.mp4,1008,1016,8,16,data\scenes\gacs_emotional_shorts_02_DZQtVmKM_scene_124.jpg,fixed_8s
125,gacs_emotional_shorts_02_DZQtVmKM.mp4,1016,1024,8,16,data\scenes\gacs_emotional_shorts_02_DZQtVmKM_scene_125.jpg,fixed_8s
126,gacs_emotional_shorts_02_DZQtVmKM.mp4,1024,1032,8,16,data\scenes\gacs_emotional_shorts_02_DZQtVmKM_scene_126.jpg,fixed_8s
127,gacs_emotional_shorts_02_DZQtVmKM.mp4,1032,1040,8,16,data\scenes\gacs_emotional_shorts_02_DZQtVmKM_scene_127.jpg,fixed_8s
128,gacs_emotional_shorts_02_DZQtVmKM.mp4,1040,1048,8,16,data\scenes\gacs_emotional_shorts_02_DZQtVmKM_scene_128.jpg,fixed_8s
129,gacs_emotional_shorts_02_DZQtVmKM.mp4,1048,1056,8,16,data\scenes\gacs_emotional_shorts_02_DZQtVmKM_scene_129.jpg,fixed_8s
130,gacs_emotional_shorts_02_DZQtVmKM.mp4,1056,1064,8,16,data\scenes\gacs_emotional_shorts_02_DZQtVmKM_scene_130.jpg,fixed_8s
131,gacs_emotional_shorts_02_DZQtVmKM.mp4,1064,1072,8,16,data\scenes\gacs_emotional_shorts_02_DZQtVmKM_scene_131.jpg,fixed_8s
132,gacs_emotional_shorts_02_DZQtVmKM.mp4,1072,1080,8,16,data\scenes\gacs_emotional_shorts_02_DZQtVmKM_scene_132.jpg,fixed_8s
133,gacs_emotional_shorts_02_DZQtVmKM.mp4,1080,1088,8,16,data\scenes\gacs_emotional_shorts_02_DZQtVmKM_scene_133.jpg,fixed_8s
134,gacs_emotional_shorts_02_DZQtVmKM.mp4,1088,1096,8,16,data\scenes\gacs_emotional_shorts_02_DZQtVmKM_scene_134.jpg,fixed_8s
135,gacs_emotional_shorts_02_DZQtVmKM.mp4,1096,1104,8,16,data\scenes\gacs_emotional_shorts_02_DZQtVmKM_scene_135.jpg,fixed_8s
136,gacs_emotional_shorts_02_DZQtVmKM.mp4,1104,1112,8,16,data\scenes\gacs_emotional_shorts_02_DZQtVmKM_scene_136.jpg,fixed_8s
137,gacs_emotional_shorts_02_DZQtVmKM.mp4,1112,1120,8,16,data\scenes\gacs_emotional_shorts_02_DZQtVmKM_scene_137.jpg,fixed_8s
138,gacs_emotional_shorts_02_DZQtVmKM.mp4,1120,1128,8,16,data\scenes\gacs_emotional_shorts_02_DZQtVmKM_scene_138.jpg,fixed_8s
139,gacs_emotional_shorts_02_DZQtVmKM.mp4,1128,1136,8,16,data\scenes\gacs_emotional_shorts_02_DZQtVmKM_scene_139.jpg,fixed_8s
140,gacs_emotional_shorts_02_DZQtVmKM.mp4,1136,1144,8,16,data\scenes\gacs_emotional_shorts_02_DZQtVmKM_scene_140.jpg,fixed_8s
141,gacs_emotional_shorts_02_DZQtVmKM.mp4,1144,1152,8,16,data\scenes\gacs_emotional_shorts_02_DZQtVmKM_scene_141.jpg,fixed_8s
142,gacs_emotional_shorts_02_DZQtVmKM.mp4,1152,1160,8,16,data\scenes\gacs_emotional_shorts_02_DZQtVmKM_scene_142.jpg,fixed_8s
143,gacs_emotional_shorts_02_DZQtVmKM.mp4,1160,1168,8,16,data\scenes\gacs_emotional_shorts_02_DZQtVmKM_scene_143.jpg,fixed_8s
144,gacs_emotional_shorts_02_DZQtVmKM.mp4,1168,1176,8,16,data\scenes\gacs_emotional_shorts_02_DZQtVmKM_scene_144.jpg,fixed_8s
145,gacs_emotional_shorts_02_DZQtVmKM.mp4,1176,1184,8,16,data\scenes\gacs_emotional_shorts_02_DZQtVmKM_scene_145.jpg,fixed_8s
146,gacs_emotional_shorts_02_DZQtVmKM.mp4,1184,1192,8,16,data\scenes\gacs_emotional_shorts_02_DZQtVmKM_scene_146.jpg,fixed_8s
147,gacs_emotional_shorts_02_DZQtVmKM.mp4,1192,1200,8,16,data\scenes\gacs_emotional_shorts_02_DZQtVmKM_scene_147.jpg,fixed_8s
148,gacs_emotional_shorts_02_DZQtVmKM.mp4,1200,1208,8,16,data\scenes\gacs_emotional_shorts_02_DZQtVmKM_scene_148.jpg,fixed_8s
149,gacs_emotional_shorts_02_DZQtVmKM.mp4,1208,1216,8,16,data\scenes\gacs_emotional_shorts_02_DZQtVmKM_scene_149.jpg,fixed_8s
150,gacs_emotional_shorts_02_DZQtVmKM.mp4,1216,1224,8,16,data\scenes\gacs_emotional_shorts_02_DZQtVmKM_scene_150.jpg,fixed_8s
151,gacs_emotional_shorts_02_DZQtVmKM.mp4,1224,1232,8,16,data\scenes\gacs_emotional_shorts_02_DZQtVmKM_scene_151.jpg,fixed_8s
152,gacs_emotional_shorts_02_DZQtVmKM.mp4,1232,1240,8,16,data\scenes\gacs_emotional_shorts_02_DZQtVmKM_scene_152.jpg,fixed_8s
153,gacs_emotional_shorts_02_DZQtVmKM.mp4,1240,1248,8,16,data\scenes\gacs_emotional_shorts_02_DZQtVmKM_scene_153.jpg,fixed_8s
154,gacs_emotional_shorts_02_DZQtVmKM.mp4,1248,1256,8,16,data\scenes\gacs_emotional_shorts_02_DZQtVmKM_scene_154.jpg,fixed_8s
155,gacs_emotional_shorts_02_DZQtVmKM.mp4,1256,1264,8,16,data\scenes\gacs_emotional_shorts_02_DZQtVmKM_scene_155.jpg,fixed_8s
156,gacs_emotional_shorts_02_DZQtVmKM.mp4,1264,1272,8,16,data\scenes\gacs_emotional_shorts_02_DZQtVmKM_scene_156.jpg,fixed_8s
157,gacs_emotional_shorts_02_DZQtVmKM.mp4,1272,1280,8,16,data\scenes\gacs_emotional_shorts_02_DZQtVmKM_scene_157.jpg,fixed_8s
158,gacs_emotional_shorts_02_DZQtVmKM.mp4,1280,1288,8,16,data\scenes\gacs_emotional_shorts_02_DZQtVmKM_scene_158.jpg,fixed_8s
159,gacs_emotional_shorts_02_DZQtVmKM.mp4,1288,1296,8,16,data\scenes\gacs_emotional_shorts_02_DZQtVmKM_scene_159.jpg,fixed_8s
160,gacs_emotional_shorts_02_DZQtVmKM.mp4,1296,1304,8,16,data\scenes\gacs_emotional_shorts_02_DZQtVmKM_scene_160.jpg,fixed_8s
161,gacs_emotional_shorts_02_DZQtVmKM.mp4,1304,1312,8,16,data\scenes\gacs_emotional_shorts_02_DZQtVmKM_scene_161.jpg,fixed_8s
162,gacs_emotional_shorts_02_DZQtVmKM.mp4,1312,1320,8,16,data\scenes\gacs_emotional_shorts_02_DZQtVmKM_scene_162.jpg,fixed_8s
163,gacs_emotional_shorts_02_DZQtVmKM.mp4,1320,1328,8,16,data\scenes\gacs_emotional_shorts_02_DZQtVmKM_scene_163.jpg,fixed_8s
164,gacs_emotional_shorts_02_DZQtVmKM.mp4,1328,1336,8,16,data\scenes\gacs_emotional_shorts_02_DZQtVmKM_scene_164.jpg,fixed_8s
165,gacs_emotional_shorts_02_DZQtVmKM.mp4,1336,1344,8,16,data\scenes\gacs_emotional_shorts_02_DZQtVmKM_scene_165.jpg,fixed_8s
166,gacs_emotional_shorts_02_DZQtVmKM.mp4,1344,1352,8,16,data\scenes\gacs_emotional_shorts_02_DZQtVmKM_scene_166.jpg,fixed_8s
167,gacs_emotional_shorts_02_DZQtVmKM.mp4,1352,1360,8,16,data\scenes\gacs_emotional_shorts_02_DZQtVmKM_scene_167.jpg,fixed_8s
168,gacs_emotional_shorts_02_DZQtVmKM.mp4,1360,1368,8,16,data\scenes\gacs_emotional_shorts_02_DZQtVmKM_scene_168.jpg,fixed_8s
169,gacs_emotional_shorts_02_DZQtVmKM.mp4,1368,1376,8,16,data\scenes\gacs_emotional_shorts_02_DZQtVmKM_scene_169.jpg,fixed_8s
170,gacs_emotional_shorts_02_DZQtVmKM.mp4,1376,1384,8,16,data\scenes\gacs_emotional_shorts_02_DZQtVmKM_scene_170.jpg,fixed_8s
171,gacs_emotional_shorts_02_DZQtVmKM.mp4,1384,1392,8,16,data\scenes\gacs_emotional_shorts_02_DZQtVmKM_scene_171.jpg,fixed_8s
172,gacs_emotional_shorts_02_DZQtVmKM.mp4,1392,1400,8,16,data\scenes\gacs_emotional_shorts_02_DZQtVmKM_scene_172.jpg,fixed_8s
173,gacs_emotional_shorts_02_DZQtVmKM.mp4,1400,1408,8,16,data\scenes\gacs_emotional_shorts_02_DZQtVmKM_scene_173.jpg,fixed_8s
174,gacs_emotional_shorts_02_DZQtVmKM.mp4,1408,1416,8,16,data\scenes\gacs_emotional_shorts_02_DZQtVmKM_scene_174.jpg,fixed_8s
175,gacs_emotional_shorts_02_DZQtVmKM.mp4,1416,1424,8,16,data\scenes\gacs_emotional_shorts_02_DZQtVmKM_scene_175.jpg,fixed_8s
176,gacs_emotional_shorts_02_DZQtVmKM.mp4,1424,1432,8,16,data\scenes\gacs_emotional_shorts_02_DZQtVmKM_scene_176.jpg,fixed_8s
177,gacs_emotional_shorts_02_DZQtVmKM.mp4,1432,1440,8,16,data\scenes\gacs_emotional_shorts_02_DZQtVmKM_scene_177.jpg,fixed_8s
178,gacs_emotional_shorts_02_DZQtVmKM.mp4,1440,1448,8,16,data\scenes\gacs_emotional_shorts_02_DZQtVmKM_scene_178.jpg,fixed_8s
179,gacs_emotional_shorts_02_DZQtVmKM.mp4,1448,1456,8,16,data\scenes\gacs_emotional_shorts_02_DZQtVmKM_scene_179.jpg,fixed_8s
180,gacs_emotional_shorts_02_DZQtVmKM.mp4,1456,1464,8,16,data\scenes\gacs_emotional_shorts_02_DZQtVmKM_scene_180.jpg,fixed_8s
181,gacs_emotional_shorts_02_DZQtVmKM.mp4,1464,1472,8,16,data\scenes\gacs_emotional_shorts_02_DZQtVmKM_scene_181.jpg,fixed_8s
182,gacs_emotional_shorts_02_DZQtVmKM.mp4,1472,1480,8,16,data\scenes\gacs_emotional_shorts_02_DZQtVmKM_scene_182.jpg,fixed_8s
183,gacs_emotional_shorts_02_DZQtVmKM.mp4,1480,1488,8,16,data\scenes\gacs_emotional_shorts_02_DZQtVmKM_scene_183.jpg,fixed_8s
184,gacs_emotional_shorts_02_DZQtVmKM.mp4,1488,1496,8,16,data\scenes\gacs_emotional_shorts_02_DZQtVmKM_scene_184.jpg,fixed_8s
185,gacs_emotional_shorts_02_DZQtVmKM.mp4,1496,1504,8,16,data\scenes\gacs_emotional_shorts_02_DZQtVmKM_scene_185.jpg,fixed_8s
186,gacs_emotional_shorts_02_DZQtVmKM.mp4,1504,1512,8,16,data\scenes\gacs_emotional_shorts_02_DZQtVmKM_scene_186.jpg,fixed_8s
187,gacs_emotional_shorts_02_DZQtVmKM.mp4,1512,1520,8,16,data\scenes\gacs_emotional_shorts_02_DZQtVmKM_scene_187.jpg,fixed_8s
188,gacs_emotional_shorts_02_DZQtVmKM.mp4,1520,1528,8,16,data\scenes\gacs_emotional_shorts_02_DZQtVmKM_scene_188.jpg,fixed_8s
189,gacs_emotional_shorts_02_DZQtVmKM.mp4,1528,1536,8,16,data\scenes\gacs_emotional_shorts_02_DZQtVmKM_scene_189.jpg,fixed_8s
190,gacs_emotional_shorts_02_DZQtVmKM.mp4,1536,1544,8,16,data\scenes\gacs_emotional_shorts_02_DZQtVmKM_scene_190.jpg,fixed_8s
191,gacs_emotional_shorts_02_DZQtVmKM.mp4,1544,1552,8,16,data\scenes\gacs_emotional_shorts_02_DZQtVmKM_scene_191.jpg,fixed_8s
192,gacs_emotional_shorts_02_DZQtVmKM.mp4,1552,1560,8,16,data\scenes\gacs_emotional_shorts_02_DZQtVmKM_scene_192.jpg,fixed_8s
193,gacs_emotional_shorts_02_DZQtVmKM.mp4,1560,1568,8,16,data\scenes\gacs_emotional_shorts_02_DZQtVmKM_scene_193.jpg,fixed_8s
194,gacs_emotional_shorts_02_DZQtVmKM.mp4,1568,1576,8,16,data\scenes\gacs_emotional_shorts_02_DZQtVmKM_scene_194.jpg,fixed_8s
195,gacs_emotional_shorts_02_DZQtVmKM.mp4,1576,1584,8,16,data\scenes\gacs_emotional_shorts_02_DZQtVmKM_scene_195.jpg,fixed_8s
196,gacs_emotional_shorts_02_DZQtVmKM.mp4,1584,1592,8,16,data\scenes\gacs_emotional_shorts_02_DZQtVmKM_scene_196.jpg,fixed_8s
197,gacs_emotional_shorts_02_DZQtVmKM.mp4,1592,1600,8,16,data\scenes\gacs_emotional_shorts_02_DZQtVmKM_scene_197.jpg,fixed_8s
198,gacs_emotional_shorts_02_DZQtVmKM.mp4,1600,1608,8,16,data\scenes\gacs_emotional_shorts_02_DZQtVmKM_scene_198.jpg,fixed_8s
199,gacs_emotional_shorts_02_DZQtVmKM.mp4,1608,1616,8,16,data\scenes\gacs_emotional_shorts_02_DZQtVmKM_scene_199.jpg,fixed_8s
200,gacs_emotional_shorts_02_DZQtVmKM.mp4,1616,1624,8,16,data\scenes\gacs_emotional_shorts_02_DZQtVmKM_scene_200.jpg,fixed_8s
201,gacs_emotional_shorts_02_DZQtVmKM.mp4,1624,1632,8,16,data\scenes\gacs_emotional_shorts_02_DZQtVmKM_scene_201.jpg,fixed_8s
202,gacs_emotional_shorts_02_DZQtVmKM.mp4,1632,1640,8,16,data\scenes\gacs_emotional_shorts_02_DZQtVmKM_scene_202.jpg,fixed_8s
203,gacs_emotional_shorts_02_DZQtVmKM.mp4,1640,1648,8,16,data\scenes\gacs_emotional_shorts_02_DZQtVmKM_scene_203.jpg,fixed_8s
204,gacs_emotional_shorts_02_DZQtVmKM.mp4,1648,1656,8,16,data\scenes\gacs_emotional_shorts_02_DZQtVmKM_scene_204.jpg,fixed_8s
205,gacs_emotional_shorts_02_DZQtVmKM.mp4,1656,1664,8,16,data\scenes\gacs_emotional_shorts_02_DZQtVmKM_scene_205.jpg,fixed_8s
206,gacs_emotional_shorts_02_DZQtVmKM.mp4,1664,1672,8,16,data\scenes\gacs_emotional_shorts_02_DZQtVmKM_scene_206.jpg,fixed_8s
207,gacs_emotional_shorts_02_DZQtVmKM.mp4,1672,1680,8,16,data\scenes\gacs_emotional_shorts_02_DZQtVmKM_scene_207.jpg,fixed_8s
208,gacs_emotional_shorts_02_DZQtVmKM.mp4,1680,1688,8,16,data\scenes\gacs_emotional_shorts_02_DZQtVmKM_scene_208.jpg,fixed_8s
209,gacs_emotional_shorts_02_DZQtVmKM.mp4,1688,1696,8,16,data\scenes\gacs_emotional_shorts_02_DZQtVmKM_scene_209.jpg,fixed_8s
210,gacs_emotional_shorts_02_DZQtVmKM.mp4,1696,1704,8,16,data\scenes\gacs_emotional_shorts_02_DZQtVmKM_scene_210.jpg,fixed_8s
211,gacs_emotional_shorts_02_DZQtVmKM.mp4,1704,1712,8,16,data\scenes\gacs_emotional_shorts_02_DZQtVmKM_scene_211.jpg,fixed_8s
212,gacs_emotional_shorts_02_DZQtVmKM.mp4,1712,1720,8,16,data\scenes\gacs_emotional_shorts_02_DZQtVmKM_scene_212.jpg,fixed_8s
213,gacs_emotional_shorts_02_DZQtVmKM.mp4,1720,1728,8,16,data\scenes\gacs_emotional_shorts_02_DZQtVmKM_scene_213.jpg,fixed_8s
214,gacs_emotional_shorts_02_DZQtVmKM.mp4,1728,1736,8,16,data\scenes\gacs_emotional_shorts_02_DZQtVmKM_scene_214.jpg,fixed_8s
215,gacs_emotional_shorts_02_DZQtVmKM.mp4,1736,1744,8,16,data\scenes\gacs_emotional_shorts_02_DZQtVmKM_scene_215.jpg,fixed_8s
216,gacs_emotional_shorts_02_DZQtVmKM.mp4,1744,1752,8,16,data\scenes\gacs_emotional_shorts_02_DZQtVmKM_scene_216.jpg,fixed_8s
217,gacs_emotional_shorts_02_DZQtVmKM.mp4,1752,1760,8,16,data\scenes\gacs_emotional_shorts_02_DZQtVmKM_scene_217.jpg,fixed_8s
218,gacs_emotional_shorts_02_DZQtVmKM.mp4,1760,1768,8,16,data\scenes\gacs_emotional_shorts_02_DZQtVmKM_scene_218.jpg,fixed_8s
6,gacs_movie_trailers_01_n9xhJrPX.mp4,128,136,8,18,data\scenes\gacs_movie_trailers_01_n9xhJrPX_scene_06.jpg,fixed_8s
7,gacs_movie_trailers_01_n9xhJrPX.mp4,136,144,8,17,data\scenes\gacs_movie_trailers_01_n9xhJrPX_scene_07.jpg,fixed_8s
8,gacs_movie_trailers_01_n9xhJrPX.mp4,144,152,8,18,data\scenes\gacs_movie_trailers_01_n9xhJrPX_scene_08.jpg,fixed_8s
10,gacs_movie_trailers_02_uYPbbksJ.mp4,128,136,8,18,data\scenes\gacs_movie_trailers_02_uYPbbksJ_scene_10.jpg,fixed_8s
11,gacs_movie_trailers_02_uYPbbksJ.mp4,136,144,8,17,data\scenes\gacs_movie_trailers_02_uYPbbksJ_scene_11.jpg,fixed_8s
12,gacs_movie_trailers_02_uYPbbksJ.mp4,144,152,8,18,data\scenes\gacs_movie_trailers_02_uYPbbksJ_scene_12.jpg,fixed_8s
13,gacs_movie_trailers_02_uYPbbksJ.mp4,152,160,8,17,data\scenes\gacs_movie_trailers_02_uYPbbksJ_scene_13.jpg,fixed_8s
14,gacs_movie_trailers_02_uYPbbksJ.mp4,160,168,8,18,data\scenes\gacs_movie_trailers_02_uYPbbksJ_scene_14.jpg,fixed_8s
15,gacs_movie_trailers_02_uYPbbksJ.mp4,168,176,8,17,data\scenes\gacs_movie_trailers_02_uYPbbksJ_scene_15.jpg,fixed_8s
8,ready_or_not_trailer.mp4,120,128,8,17,data\scenes\ready_or_not_trailer_scene_08.jpg,fixed_8s
9,ready_or_not_trailer.mp4,128,136,8,18,data\scenes\ready_or_not_trailer_scene_09.jpg,fixed_8s
0,gacs_advertisements_00_-avONMmQ.mp4,0,8,8,18,data\scenes\gacs_advertisements_00_-avONMmQ_scene_00.jpg,fixed_8s_opencv
1,gacs_advertisements_00_-avONMmQ.mp4,8,16,8,17,data\scenes\gacs_advertisements_00_-avONMmQ_scene_01.jpg,fixed_8s_opencv
2,gacs_advertisements_00_-avONMmQ.mp4,16,24,8,18,data\scenes\gacs_advertisements_00_-avONMmQ_scene_02.jpg,fixed_8s_opencv
3,gacs_advertisements_00_-avONMmQ.mp4,24,32,8,17,data\scenes\gacs_advertisements_00_-avONMmQ_scene_03.jpg,fixed_8s_opencv
4,gacs_advertisements_00_-avONMmQ.mp4,32,40,8,18,data\scenes\gacs_advertisements_00_-avONMmQ_scene_04.jpg,fixed_8s_opencv
5,gacs_advertisements_00_-avONMmQ.mp4,40,48,8,17,data\scenes\gacs_advertisements_00_-avONMmQ_scene_05.jpg,fixed_8s_opencv
6,gacs_advertisements_00_-avONMmQ.mp4,48,56,8,18,data\scenes\gacs_advertisements_00_-avONMmQ_scene_06.jpg,fixed_8s_opencv
7,gacs_advertisements_00_-avONMmQ.mp4,56,64,8,17,data\scenes\gacs_advertisements_00_-avONMmQ_scene_07.jpg,fixed_8s_opencv
8,gacs_advertisements_00_-avONMmQ.mp4,64,72,8,17,data\scenes\gacs_advertisements_00_-avONMmQ_scene_08.jpg,fixed_8s_opencv
9,gacs_advertisements_00_-avONMmQ.mp4,72,80,8,18,data\scenes\gacs_advertisements_00_-avONMmQ_scene_09.jpg,fixed_8s_opencv
10,gacs_advertisements_00_-avONMmQ.mp4,80,88,8,17,data\scenes\gacs_advertisements_00_-avONMmQ_scene_10.jpg,fixed_8s_opencv
11,gacs_advertisements_00_-avONMmQ.mp4,88,96,8,18,data\scenes\gacs_advertisements_00_-avONMmQ_scene_11.jpg,fixed_8s_opencv
12,gacs_advertisements_00_-avONMmQ.mp4,96,104,8,17,data\scenes\gacs_advertisements_00_-avONMmQ_scene_12.jpg,fixed_8s_opencv
13,gacs_advertisements_00_-avONMmQ.mp4,104,112,8,18,data\scenes\gacs_advertisements_00_-avONMmQ_scene_13.jpg,fixed_8s_opencv
14,gacs_advertisements_00_-avONMmQ.mp4,112,120,8,17,data\scenes\gacs_advertisements_00_-avONMmQ_scene_14.jpg,fixed_8s_opencv
15,gacs_advertisements_00_-avONMmQ.mp4,120,124.7913333,4.791333333,11,data\scenes\gacs_advertisements_00_-avONMmQ_scene_15.jpg,fixed_8s_opencv
0,gacs_advertisements_00_F4sJLG2z.mp4,0,8,8,16,data\scenes\gacs_advertisements_00_F4sJLG2z_scene_00.jpg,fixed_8s_opencv
1,gacs_advertisements_00_F4sJLG2z.mp4,24,32,8,16,data\scenes\gacs_advertisements_00_F4sJLG2z_scene_01.jpg,fixed_8s_opencv
2,gacs_advertisements_00_F4sJLG2z.mp4,48,49.5,1.5,4,data\scenes\gacs_advertisements_00_F4sJLG2z_scene_02.jpg,fixed_8s_opencv
0,gacs_advertisements_01_9G5luoju.mp4,0,8,8,16,data\scenes\gacs_advertisements_01_9G5luoju_scene_00.jpg,fixed_8s_opencv
1,gacs_advertisements_01_9G5luoju.mp4,8,16,8,16,data\scenes\gacs_advertisements_01_9G5luoju_scene_01.jpg,fixed_8s_opencv
2,gacs_advertisements_01_9G5luoju.mp4,16,24,8,16,data\scenes\gacs_advertisements_01_9G5luoju_scene_02.jpg,fixed_8s_opencv
3,gacs_advertisements_01_9G5luoju.mp4,24,32,8,16,data\scenes\gacs_advertisements_01_9G5luoju_scene_03.jpg,fixed_8s_opencv
4,gacs_advertisements_01_9G5luoju.mp4,32,40,8,16,data\scenes\gacs_advertisements_01_9G5luoju_scene_04.jpg,fixed_8s_opencv
5,gacs_advertisements_01_9G5luoju.mp4,40,48,8,16,data\scenes\gacs_advertisements_01_9G5luoju_scene_05.jpg,fixed_8s_opencv
6,gacs_advertisements_01_9G5luoju.mp4,48,56,8,16,data\scenes\gacs_advertisements_01_9G5luoju_scene_06.jpg,fixed_8s_opencv
7,gacs_advertisements_01_9G5luoju.mp4,56,64,8,16,data\scenes\gacs_advertisements_01_9G5luoju_scene_07.jpg,fixed_8s_opencv
8,gacs_advertisements_01_9G5luoju.mp4,64,72,8,16,data\scenes\gacs_advertisements_01_9G5luoju_scene_08.jpg,fixed_8s_opencv
9,gacs_advertisements_01_9G5luoju.mp4,72,80,8,16,data\scenes\gacs_advertisements_01_9G5luoju_scene_09.jpg,fixed_8s_opencv
10,gacs_advertisements_01_9G5luoju.mp4,80,88,8,16,data\scenes\gacs_advertisements_01_9G5luoju_scene_10.jpg,fixed_8s_opencv
11,gacs_advertisements_01_9G5luoju.mp4,88,96,8,16,data\scenes\gacs_advertisements_01_9G5luoju_scene_11.jpg,fixed_8s_opencv
12,gacs_advertisements_01_9G5luoju.mp4,96,99.5,3.5,8,data\scenes\gacs_advertisements_01_9G5luoju_scene_12.jpg,fixed_8s_opencv
0,gacs_advertisements_01_jBnseji3.mp4,0,8,8,18,data\scenes\gacs_advertisements_01_jBnseji3_scene_00.jpg,fixed_8s_opencv
1,gacs_advertisements_01_jBnseji3.mp4,8,16,8,17,data\scenes\gacs_advertisements_01_jBnseji3_scene_01.jpg,fixed_8s_opencv
2,gacs_advertisements_01_jBnseji3.mp4,16,24,8,17,data\scenes\gacs_advertisements_01_jBnseji3_scene_02.jpg,fixed_8s_opencv
3,gacs_advertisements_01_jBnseji3.mp4,24,32,8,17,data\scenes\gacs_advertisements_01_jBnseji3_scene_03.jpg,fixed_8s_opencv
4,gacs_advertisements_01_jBnseji3.mp4,32,40,8,17,data\scenes\gacs_advertisements_01_jBnseji3_scene_04.jpg,fixed_8s_opencv
5,gacs_advertisements_01_jBnseji3.mp4,40,48,8,17,data\scenes\gacs_advertisements_01_jBnseji3_scene_05.jpg,fixed_8s_opencv
6,gacs_advertisements_01_jBnseji3.mp4,48,56,8,17,data\scenes\gacs_advertisements_01_jBnseji3_scene_06.jpg,fixed_8s_opencv
7,gacs_advertisements_01_jBnseji3.mp4,56,64,8,18,data\scenes\gacs_advertisements_01_jBnseji3_scene_07.jpg,fixed_8s_opencv
8,gacs_advertisements_01_jBnseji3.mp4,64,72,8,17,data\scenes\gacs_advertisements_01_jBnseji3_scene_08.jpg,fixed_8s_opencv
9,gacs_advertisements_01_jBnseji3.mp4,72,80,8,17,data\scenes\gacs_advertisements_01_jBnseji3_scene_09.jpg,fixed_8s_opencv
10,gacs_advertisements_01_jBnseji3.mp4,80,88,8,17,data\scenes\gacs_advertisements_01_jBnseji3_scene_10.jpg,fixed_8s_opencv
11,gacs_advertisements_01_jBnseji3.mp4,88,96,8,17,data\scenes\gacs_advertisements_01_jBnseji3_scene_11.jpg,fixed_8s_opencv
12,gacs_advertisements_01_jBnseji3.mp4,96,99.96653333,3.966533333,9,data\scenes\gacs_advertisements_01_jBnseji3_scene_12.jpg,fixed_8s_opencv
0,gacs_advertisements_02_VGa1imAp.mp4,0,8,8,17,data\scenes\gacs_advertisements_02_VGa1imAp_scene_00.jpg,fixed_8s_opencv
1,gacs_advertisements_02_VGa1imAp.mp4,8,16,8,17,data\scenes\gacs_advertisements_02_VGa1imAp_scene_01.jpg,fixed_8s_opencv
2,gacs_advertisements_02_VGa1imAp.mp4,16,24,8,16,data\scenes\gacs_advertisements_02_VGa1imAp_scene_02.jpg,fixed_8s_opencv
3,gacs_advertisements_02_VGa1imAp.mp4,24,32,8,17,data\scenes\gacs_advertisements_02_VGa1imAp_scene_03.jpg,fixed_8s_opencv
4,gacs_advertisements_02_VGa1imAp.mp4,32,40,8,17,data\scenes\gacs_advertisements_02_VGa1imAp_scene_04.jpg,fixed_8s_opencv
5,gacs_advertisements_02_VGa1imAp.mp4,40,48,8,16,data\scenes\gacs_advertisements_02_VGa1imAp_scene_05.jpg,fixed_8s_opencv
6,gacs_advertisements_02_VGa1imAp.mp4,48,56,8,17,data\scenes\gacs_advertisements_02_VGa1imAp_scene_06.jpg,fixed_8s_opencv
7,gacs_advertisements_02_VGa1imAp.mp4,56,64,8,17,data\scenes\gacs_advertisements_02_VGa1imAp_scene_07.jpg,fixed_8s_opencv
8,gacs_advertisements_02_VGa1imAp.mp4,64,72,8,16,data\scenes\gacs_advertisements_02_VGa1imAp_scene_08.jpg,fixed_8s_opencv
9,gacs_advertisements_02_VGa1imAp.mp4,72,80,8,17,data\scenes\gacs_advertisements_02_VGa1imAp_scene_09.jpg,fixed_8s_opencv
10,gacs_advertisements_02_VGa1imAp.mp4,80,88,8,17,data\scenes\gacs_advertisements_02_VGa1imAp_scene_10.jpg,fixed_8s_opencv
11,gacs_advertisements_02_VGa1imAp.mp4,88,96,8,16,data\scenes\gacs_advertisements_02_VGa1imAp_scene_11.jpg,fixed_8s_opencv
12,gacs_advertisements_02_VGa1imAp.mp4,96,104,8,17,data\scenes\gacs_advertisements_02_VGa1imAp_scene_12.jpg,fixed_8s_opencv
13,gacs_advertisements_02_VGa1imAp.mp4,104,111.84,7.84,17,data\scenes\gacs_advertisements_02_VGa1imAp_scene_13.jpg,fixed_8s_opencv
0,gacs_advertisements_02_WDld_tTL.mp4,0,8,8,17,data\scenes\gacs_advertisements_02_WDld_tTL_scene_00.jpg,fixed_8s_opencv
1,gacs_advertisements_02_WDld_tTL.mp4,8,16,8,17,data\scenes\gacs_advertisements_02_WDld_tTL_scene_01.jpg,fixed_8s_opencv
2,gacs_advertisements_02_WDld_tTL.mp4,16,24,8,16,data\scenes\gacs_advertisements_02_WDld_tTL_scene_02.jpg,fixed_8s_opencv
3,gacs_advertisements_02_WDld_tTL.mp4,24,32,8,17,data\scenes\gacs_advertisements_02_WDld_tTL_scene_03.jpg,fixed_8s_opencv
4,gacs_advertisements_02_WDld_tTL.mp4,32,36.48,4.48,10,data\scenes\gacs_advertisements_02_WDld_tTL_scene_04.jpg,fixed_8s_opencv
0,gacs_animations_00_-HMqv0zl.mp4,40,48,8,16,data\scenes\gacs_animations_00_-HMqv0zl_scene_00.jpg,fixed_8s_opencv
1,gacs_animations_00_-HMqv0zl.mp4,104,112,8,17,data\scenes\gacs_animations_00_-HMqv0zl_scene_01.jpg,fixed_8s_opencv
0,gacs_animations_00_WIPV1iwz.mp4,8,16,8,17,data\scenes\gacs_animations_00_WIPV1iwz_scene_00.jpg,fixed_8s_opencv
1,gacs_animations_00_WIPV1iwz.mp4,16,24,8,18,data\scenes\gacs_animations_00_WIPV1iwz_scene_01.jpg,fixed_8s_opencv
2,gacs_animations_00_WIPV1iwz.mp4,24,32,8,17,data\scenes\gacs_animations_00_WIPV1iwz_scene_02.jpg,fixed_8s_opencv
3,gacs_animations_00_WIPV1iwz.mp4,32,40,8,18,data\scenes\gacs_animations_00_WIPV1iwz_scene_03.jpg,fixed_8s_opencv
4,gacs_animations_00_WIPV1iwz.mp4,40,48,8,17,data\scenes\gacs_animations_00_WIPV1iwz_scene_04.jpg,fixed_8s_opencv
5,gacs_animations_00_WIPV1iwz.mp4,48,56,8,18,data\scenes\gacs_animations_00_WIPV1iwz_scene_05.jpg,fixed_8s_opencv
6,gacs_animations_00_WIPV1iwz.mp4,56,64,8,17,data\scenes\gacs_animations_00_WIPV1iwz_scene_06.jpg,fixed_8s_opencv
7,gacs_animations_00_WIPV1iwz.mp4,64,72,8,17,data\scenes\gacs_animations_00_WIPV1iwz_scene_07.jpg,fixed_8s_opencv
8,gacs_animations_00_WIPV1iwz.mp4,72,80,8,18,data\scenes\gacs_animations_00_WIPV1iwz_scene_08.jpg,fixed_8s_opencv
9,gacs_animations_00_WIPV1iwz.mp4,80,88,8,17,data\scenes\gacs_animations_00_WIPV1iwz_scene_09.jpg,fixed_8s_opencv
10,gacs_animations_00_WIPV1iwz.mp4,88,96,8,18,data\scenes\gacs_animations_00_WIPV1iwz_scene_10.jpg,fixed_8s_opencv
11,gacs_animations_00_WIPV1iwz.mp4,96,104,8,17,data\scenes\gacs_animations_00_WIPV1iwz_scene_11.jpg,fixed_8s_opencv
12,gacs_animations_00_WIPV1iwz.mp4,104,112,8,18,data\scenes\gacs_animations_00_WIPV1iwz_scene_12.jpg,fixed_8s_opencv
13,gacs_animations_00_WIPV1iwz.mp4,112,120,8,17,data\scenes\gacs_animations_00_WIPV1iwz_scene_13.jpg,fixed_8s_opencv
14,gacs_animations_00_WIPV1iwz.mp4,120,124.7913333,4.791333333,11,data\scenes\gacs_animations_00_WIPV1iwz_scene_14.jpg,fixed_8s_opencv
0,gacs_animations_01_CWnqX41J.mp4,8,16,8,16,data\scenes\gacs_animations_01_CWnqX41J_scene_00.jpg,fixed_8s_opencv
1,gacs_animations_01_CWnqX41J.mp4,16,24,8,16,data\scenes\gacs_animations_01_CWnqX41J_scene_01.jpg,fixed_8s_opencv
2,gacs_animations_01_CWnqX41J.mp4,24,32,8,16,data\scenes\gacs_animations_01_CWnqX41J_scene_02.jpg,fixed_8s_opencv
3,gacs_animations_01_CWnqX41J.mp4,32,40,8,16,data\scenes\gacs_animations_01_CWnqX41J_scene_03.jpg,fixed_8s_opencv
4,gacs_animations_01_CWnqX41J.mp4,40,48,8,16,data\scenes\gacs_animations_01_CWnqX41J_scene_04.jpg,fixed_8s_opencv
5,gacs_animations_01_CWnqX41J.mp4,48,56,8,16,data\scenes\gacs_animations_01_CWnqX41J_scene_05.jpg,fixed_8s_opencv
6,gacs_animations_01_CWnqX41J.mp4,56,64,8,16,data\scenes\gacs_animations_01_CWnqX41J_scene_06.jpg,fixed_8s_opencv
7,gacs_animations_01_CWnqX41J.mp4,64,72,8,16,data\scenes\gacs_animations_01_CWnqX41J_scene_07.jpg,fixed_8s_opencv
8,gacs_animations_01_CWnqX41J.mp4,72,80,8,16,data\scenes\gacs_animations_01_CWnqX41J_scene_08.jpg,fixed_8s_opencv
9,gacs_animations_01_CWnqX41J.mp4,80,88,8,16,data\scenes\gacs_animations_01_CWnqX41J_scene_09.jpg,fixed_8s_opencv
10,gacs_animations_01_CWnqX41J.mp4,88,96,8,16,data\scenes\gacs_animations_01_CWnqX41J_scene_10.jpg,fixed_8s_opencv
11,gacs_animations_01_CWnqX41J.mp4,96,99.5,3.5,8,data\scenes\gacs_animations_01_CWnqX41J_scene_11.jpg,fixed_8s_opencv
0,gacs_animations_01_hJnAHzo4.mp4,0,8,8,18,data\scenes\gacs_animations_01_hJnAHzo4_scene_00.jpg,fixed_8s_opencv
1,gacs_animations_01_hJnAHzo4.mp4,8,16,8,17,data\scenes\gacs_animations_01_hJnAHzo4_scene_01.jpg,fixed_8s_opencv
2,gacs_animations_01_hJnAHzo4.mp4,16,24,8,18,data\scenes\gacs_animations_01_hJnAHzo4_scene_02.jpg,fixed_8s_opencv
3,gacs_animations_01_hJnAHzo4.mp4,24,32,8,17,data\scenes\gacs_animations_01_hJnAHzo4_scene_03.jpg,fixed_8s_opencv
4,gacs_animations_01_hJnAHzo4.mp4,32,40,8,18,data\scenes\gacs_animations_01_hJnAHzo4_scene_04.jpg,fixed_8s_opencv
5,gacs_animations_01_hJnAHzo4.mp4,40,48,8,17,data\scenes\gacs_animations_01_hJnAHzo4_scene_05.jpg,fixed_8s_opencv
6,gacs_animations_01_hJnAHzo4.mp4,48,56,8,18,data\scenes\gacs_animations_01_hJnAHzo4_scene_06.jpg,fixed_8s_opencv
7,gacs_animations_01_hJnAHzo4.mp4,56,64,8,17,data\scenes\gacs_animations_01_hJnAHzo4_scene_07.jpg,fixed_8s_opencv
8,gacs_animations_01_hJnAHzo4.mp4,64,72,8,17,data\scenes\gacs_animations_01_hJnAHzo4_scene_08.jpg,fixed_8s_opencv
9,gacs_animations_01_hJnAHzo4.mp4,72,80,8,18,data\scenes\gacs_animations_01_hJnAHzo4_scene_09.jpg,fixed_8s_opencv
10,gacs_animations_01_hJnAHzo4.mp4,80,88,8,17,data\scenes\gacs_animations_01_hJnAHzo4_scene_10.jpg,fixed_8s_opencv
11,gacs_animations_01_hJnAHzo4.mp4,88,96,8,18,data\scenes\gacs_animations_01_hJnAHzo4_scene_11.jpg,fixed_8s_opencv
12,gacs_animations_01_hJnAHzo4.mp4,96,104,8,17,data\scenes\gacs_animations_01_hJnAHzo4_scene_12.jpg,fixed_8s_opencv
13,gacs_animations_01_hJnAHzo4.mp4,104,112,8,18,data\scenes\gacs_animations_01_hJnAHzo4_scene_13.jpg,fixed_8s_opencv
0,gacs_animations_02_lTxn2Buq.mp4,0,8,8,16,data\scenes\gacs_animations_02_lTxn2Buq_scene_00.jpg,fixed_8s_opencv
1,gacs_animations_02_lTxn2Buq.mp4,8,16,8,16,data\scenes\gacs_animations_02_lTxn2Buq_scene_01.jpg,fixed_8s_opencv
2,gacs_animations_02_lTxn2Buq.mp4,16,24,8,16,data\scenes\gacs_animations_02_lTxn2Buq_scene_02.jpg,fixed_8s_opencv
3,gacs_animations_02_lTxn2Buq.mp4,24,32,8,16,data\scenes\gacs_animations_02_lTxn2Buq_scene_03.jpg,fixed_8s_opencv
4,gacs_animations_02_lTxn2Buq.mp4,32,40,8,16,data\scenes\gacs_animations_02_lTxn2Buq_scene_04.jpg,fixed_8s_opencv
5,gacs_animations_02_lTxn2Buq.mp4,40,48,8,16,data\scenes\gacs_animations_02_lTxn2Buq_scene_05.jpg,fixed_8s_opencv
6,gacs_animations_02_lTxn2Buq.mp4,48,56,8,16,data\scenes\gacs_animations_02_lTxn2Buq_scene_06.jpg,fixed_8s_opencv
7,gacs_animations_02_lTxn2Buq.mp4,56,64,8,16,data\scenes\gacs_animations_02_lTxn2Buq_scene_07.jpg,fixed_8s_opencv
8,gacs_animations_02_lTxn2Buq.mp4,64,72,8,16,data\scenes\gacs_animations_02_lTxn2Buq_scene_08.jpg,fixed_8s_opencv
9,gacs_animations_02_lTxn2Buq.mp4,72,80,8,16,data\scenes\gacs_animations_02_lTxn2Buq_scene_09.jpg,fixed_8s_opencv
10,gacs_animations_02_lTxn2Buq.mp4,80,88,8,16,data\scenes\gacs_animations_02_lTxn2Buq_scene_10.jpg,fixed_8s_opencv
11,gacs_animations_02_lTxn2Buq.mp4,88,96,8,16,data\scenes\gacs_animations_02_lTxn2Buq_scene_11.jpg,fixed_8s_opencv
12,gacs_animations_02_lTxn2Buq.mp4,96,104,8,16,data\scenes\gacs_animations_02_lTxn2Buq_scene_12.jpg,fixed_8s_opencv
13,gacs_animations_02_lTxn2Buq.mp4,104,112,8,16,data\scenes\gacs_animations_02_lTxn2Buq_scene_13.jpg,fixed_8s_opencv
14,gacs_animations_02_lTxn2Buq.mp4,112,120,8,16,data\scenes\gacs_animations_02_lTxn2Buq_scene_14.jpg,fixed_8s_opencv
15,gacs_animations_02_lTxn2Buq.mp4,120,124.5,4.5,10,data\scenes\gacs_animations_02_lTxn2Buq_scene_15.jpg,fixed_8s_opencv
0,gacs_animations_02_qLGNj-xr.mp4,0,8,8,16,data\scenes\gacs_animations_02_qLGNj-xr_scene_00.jpg,fixed_8s_opencv
1,gacs_animations_02_qLGNj-xr.mp4,8,16,8,16,data\scenes\gacs_animations_02_qLGNj-xr_scene_01.jpg,fixed_8s_opencv
2,gacs_animations_02_qLGNj-xr.mp4,16,24,8,16,data\scenes\gacs_animations_02_qLGNj-xr_scene_02.jpg,fixed_8s_opencv
3,gacs_animations_02_qLGNj-xr.mp4,24,32,8,16,data\scenes\gacs_animations_02_qLGNj-xr_scene_03.jpg,fixed_8s_opencv
4,gacs_animations_02_qLGNj-xr.mp4,32,40,8,16,data\scenes\gacs_animations_02_qLGNj-xr_scene_04.jpg,fixed_8s_opencv
5,gacs_animations_02_qLGNj-xr.mp4,40,48,8,16,data\scenes\gacs_animations_02_qLGNj-xr_scene_05.jpg,fixed_8s_opencv
6,gacs_animations_02_qLGNj-xr.mp4,48,56,8,16,data\scenes\gacs_animations_02_qLGNj-xr_scene_06.jpg,fixed_8s_opencv
7,gacs_animations_02_qLGNj-xr.mp4,56,64,8,16,data\scenes\gacs_animations_02_qLGNj-xr_scene_07.jpg,fixed_8s_opencv
8,gacs_animations_02_qLGNj-xr.mp4,64,72,8,16,data\scenes\gacs_animations_02_qLGNj-xr_scene_08.jpg,fixed_8s_opencv
9,gacs_animations_02_qLGNj-xr.mp4,72,80,8,16,data\scenes\gacs_animations_02_qLGNj-xr_scene_09.jpg,fixed_8s_opencv
10,gacs_animations_02_qLGNj-xr.mp4,80,88,8,16,data\scenes\gacs_animations_02_qLGNj-xr_scene_10.jpg,fixed_8s_opencv
11,gacs_animations_02_qLGNj-xr.mp4,88,96,8,16,data\scenes\gacs_animations_02_qLGNj-xr_scene_11.jpg,fixed_8s_opencv
12,gacs_animations_02_qLGNj-xr.mp4,96,104,8,16,data\scenes\gacs_animations_02_qLGNj-xr_scene_12.jpg,fixed_8s_opencv
13,gacs_animations_02_qLGNj-xr.mp4,104,112,8,16,data\scenes\gacs_animations_02_qLGNj-xr_scene_13.jpg,fixed_8s_opencv
14,gacs_animations_02_qLGNj-xr.mp4,112,120,8,16,data\scenes\gacs_animations_02_qLGNj-xr_scene_14.jpg,fixed_8s_opencv
15,gacs_animations_02_qLGNj-xr.mp4,120,124.5,4.5,10,data\scenes\gacs_animations_02_qLGNj-xr_scene_15.jpg,fixed_8s_opencv
0,gacs_emotional_shorts_00_44buVmzh.mp4,0,8,8,17,data\scenes\gacs_emotional_shorts_00_44buVmzh_scene_00.jpg,fixed_8s_opencv
1,gacs_emotional_shorts_00_44buVmzh.mp4,8,16,8,17,data\scenes\gacs_emotional_shorts_00_44buVmzh_scene_01.jpg,fixed_8s_opencv
2,gacs_emotional_shorts_00_44buVmzh.mp4,16,24,8,16,data\scenes\gacs_emotional_shorts_00_44buVmzh_scene_02.jpg,fixed_8s_opencv
3,gacs_emotional_shorts_00_44buVmzh.mp4,24,32,8,17,data\scenes\gacs_emotional_shorts_00_44buVmzh_scene_03.jpg,fixed_8s_opencv
4,gacs_emotional_shorts_00_44buVmzh.mp4,32,40,8,17,data\scenes\gacs_emotional_shorts_00_44buVmzh_scene_04.jpg,fixed_8s_opencv
5,gacs_emotional_shorts_00_44buVmzh.mp4,40,48,8,16,data\scenes\gacs_emotional_shorts_00_44buVmzh_scene_05.jpg,fixed_8s_opencv
6,gacs_emotional_shorts_00_44buVmzh.mp4,48,56,8,17,data\scenes\gacs_emotional_shorts_00_44buVmzh_scene_06.jpg,fixed_8s_opencv
7,gacs_emotional_shorts_00_44buVmzh.mp4,56,64,8,17,data\scenes\gacs_emotional_shorts_00_44buVmzh_scene_07.jpg,fixed_8s_opencv
8,gacs_emotional_shorts_00_44buVmzh.mp4,64,72,8,16,data\scenes\gacs_emotional_shorts_00_44buVmzh_scene_08.jpg,fixed_8s_opencv
9,gacs_emotional_shorts_00_44buVmzh.mp4,72,80,8,17,data\scenes\gacs_emotional_shorts_00_44buVmzh_scene_09.jpg,fixed_8s_opencv
10,gacs_emotional_shorts_00_44buVmzh.mp4,80,88,8,17,data\scenes\gacs_emotional_shorts_00_44buVmzh_scene_10.jpg,fixed_8s_opencv
11,gacs_emotional_shorts_00_44buVmzh.mp4,88,96,8,16,data\scenes\gacs_emotional_shorts_00_44buVmzh_scene_11.jpg,fixed_8s_opencv
12,gacs_emotional_shorts_00_44buVmzh.mp4,96,104,8,17,data\scenes\gacs_emotional_shorts_00_44buVmzh_scene_12.jpg,fixed_8s_opencv
13,gacs_emotional_shorts_00_44buVmzh.mp4,104,112,8,17,data\scenes\gacs_emotional_shorts_00_44buVmzh_scene_13.jpg,fixed_8s_opencv
14,gacs_emotional_shorts_00_44buVmzh.mp4,112,119.52,7.52,16,data\scenes\gacs_emotional_shorts_00_44buVmzh_scene_14.jpg,fixed_8s_opencv
0,gacs_emotional_shorts_00_WAmw-erI.mp4,0,8,8,17,data\scenes\gacs_emotional_shorts_00_WAmw-erI_scene_00.jpg,fixed_8s_opencv
1,gacs_emotional_shorts_00_WAmw-erI.mp4,8,16,8,17,data\scenes\gacs_emotional_shorts_00_WAmw-erI_scene_01.jpg,fixed_8s_opencv
2,gacs_emotional_shorts_00_WAmw-erI.mp4,16,24,8,16,data\scenes\gacs_emotional_shorts_00_WAmw-erI_scene_02.jpg,fixed_8s_opencv
3,gacs_emotional_shorts_00_WAmw-erI.mp4,24,32,8,17,data\scenes\gacs_emotional_shorts_00_WAmw-erI_scene_03.jpg,fixed_8s_opencv
4,gacs_emotional_shorts_00_WAmw-erI.mp4,32,40,8,17,data\scenes\gacs_emotional_shorts_00_WAmw-erI_scene_04.jpg,fixed_8s_opencv
5,gacs_emotional_shorts_00_WAmw-erI.mp4,40,48,8,16,data\scenes\gacs_emotional_shorts_00_WAmw-erI_scene_05.jpg,fixed_8s_opencv
6,gacs_emotional_shorts_00_WAmw-erI.mp4,48,56,8,17,data\scenes\gacs_emotional_shorts_00_WAmw-erI_scene_06.jpg,fixed_8s_opencv
7,gacs_emotional_shorts_00_WAmw-erI.mp4,56,64,8,17,data\scenes\gacs_emotional_shorts_00_WAmw-erI_scene_07.jpg,fixed_8s_opencv
8,gacs_emotional_shorts_00_WAmw-erI.mp4,64,72,8,16,data\scenes\gacs_emotional_shorts_00_WAmw-erI_scene_08.jpg,fixed_8s_opencv
9,gacs_emotional_shorts_00_WAmw-erI.mp4,72,80,8,17,data\scenes\gacs_emotional_shorts_00_WAmw-erI_scene_09.jpg,fixed_8s_opencv
10,gacs_emotional_shorts_00_WAmw-erI.mp4,80,88,8,17,data\scenes\gacs_emotional_shorts_00_WAmw-erI_scene_10.jpg,fixed_8s_opencv
11,gacs_emotional_shorts_00_WAmw-erI.mp4,88,96,8,16,data\scenes\gacs_emotional_shorts_00_WAmw-erI_scene_11.jpg,fixed_8s_opencv
12,gacs_emotional_shorts_00_WAmw-erI.mp4,96,104,8,17,data\scenes\gacs_emotional_shorts_00_WAmw-erI_scene_12.jpg,fixed_8s_opencv
13,gacs_emotional_shorts_00_WAmw-erI.mp4,104,112,8,17,data\scenes\gacs_emotional_shorts_00_WAmw-erI_scene_13.jpg,fixed_8s_opencv
14,gacs_emotional_shorts_00_WAmw-erI.mp4,112,119.52,7.52,16,data\scenes\gacs_emotional_shorts_00_WAmw-erI_scene_14.jpg,fixed_8s_opencv
0,gacs_emotional_shorts_01_Jzt3pQmF.mp4,0,8,8,16,data\scenes\gacs_emotional_shorts_01_Jzt3pQmF_scene_00.jpg,fixed_8s_opencv
1,gacs_emotional_shorts_01_Jzt3pQmF.mp4,8,16,8,16,data\scenes\gacs_emotional_shorts_01_Jzt3pQmF_scene_01.jpg,fixed_8s_opencv
2,gacs_emotional_shorts_01_Jzt3pQmF.mp4,16,20.5,4.5,10,data\scenes\gacs_emotional_shorts_01_Jzt3pQmF_scene_02.jpg,fixed_8s_opencv
0,gacs_emotional_shorts_01_LIed92r8.mp4,0,8,8,17,data\scenes\gacs_emotional_shorts_01_LIed92r8_scene_00.jpg,fixed_8s_opencv
1,gacs_emotional_shorts_01_LIed92r8.mp4,8,16,8,17,data\scenes\gacs_emotional_shorts_01_LIed92r8_scene_01.jpg,fixed_8s_opencv
2,gacs_emotional_shorts_01_LIed92r8.mp4,16,24,8,16,data\scenes\gacs_emotional_shorts_01_LIed92r8_scene_02.jpg,fixed_8s_opencv
3,gacs_emotional_shorts_01_LIed92r8.mp4,24,32,8,17,data\scenes\gacs_emotional_shorts_01_LIed92r8_scene_03.jpg,fixed_8s_opencv
4,gacs_emotional_shorts_01_LIed92r8.mp4,32,40,8,17,data\scenes\gacs_emotional_shorts_01_LIed92r8_scene_04.jpg,fixed_8s_opencv
5,gacs_emotional_shorts_01_LIed92r8.mp4,40,48,8,16,data\scenes\gacs_emotional_shorts_01_LIed92r8_scene_05.jpg,fixed_8s_opencv
6,gacs_emotional_shorts_01_LIed92r8.mp4,48,56,8,17,data\scenes\gacs_emotional_shorts_01_LIed92r8_scene_06.jpg,fixed_8s_opencv
7,gacs_emotional_shorts_01_LIed92r8.mp4,56,64,8,17,data\scenes\gacs_emotional_shorts_01_LIed92r8_scene_07.jpg,fixed_8s_opencv
8,gacs_emotional_shorts_01_LIed92r8.mp4,64,72,8,16,data\scenes\gacs_emotional_shorts_01_LIed92r8_scene_08.jpg,fixed_8s_opencv
9,gacs_emotional_shorts_01_LIed92r8.mp4,72,80,8,17,data\scenes\gacs_emotional_shorts_01_LIed92r8_scene_09.jpg,fixed_8s_opencv
10,gacs_emotional_shorts_01_LIed92r8.mp4,80,88,8,17,data\scenes\gacs_emotional_shorts_01_LIed92r8_scene_10.jpg,fixed_8s_opencv
11,gacs_emotional_shorts_01_LIed92r8.mp4,88,96,8,16,data\scenes\gacs_emotional_shorts_01_LIed92r8_scene_11.jpg,fixed_8s_opencv
12,gacs_emotional_shorts_01_LIed92r8.mp4,96,104,8,17,data\scenes\gacs_emotional_shorts_01_LIed92r8_scene_12.jpg,fixed_8s_opencv
13,gacs_emotional_shorts_01_LIed92r8.mp4,104,112,8,17,data\scenes\gacs_emotional_shorts_01_LIed92r8_scene_13.jpg,fixed_8s_opencv
14,gacs_emotional_shorts_01_LIed92r8.mp4,112,119.52,7.52,16,data\scenes\gacs_emotional_shorts_01_LIed92r8_scene_14.jpg,fixed_8s_opencv
0,gacs_emotional_shorts_02_DZQtVmKM.mp4,0,8,8,16,data\scenes\gacs_emotional_shorts_02_DZQtVmKM_scene_00.jpg,fixed_8s_opencv
1,gacs_emotional_shorts_02_DZQtVmKM.mp4,8,16,8,16,data\scenes\gacs_emotional_shorts_02_DZQtVmKM_scene_01.jpg,fixed_8s_opencv
2,gacs_emotional_shorts_02_DZQtVmKM.mp4,16,24,8,16,data\scenes\gacs_emotional_shorts_02_DZQtVmKM_scene_02.jpg,fixed_8s_opencv
3,gacs_emotional_shorts_02_DZQtVmKM.mp4,24,32,8,16,data\scenes\gacs_emotional_shorts_02_DZQtVmKM_scene_03.jpg,fixed_8s_opencv
4,gacs_emotional_shorts_02_DZQtVmKM.mp4,32,40,8,16,data\scenes\gacs_emotional_shorts_02_DZQtVmKM_scene_04.jpg,fixed_8s_opencv
5,gacs_emotional_shorts_02_DZQtVmKM.mp4,40,48,8,16,data\scenes\gacs_emotional_shorts_02_DZQtVmKM_scene_05.jpg,fixed_8s_opencv
6,gacs_emotional_shorts_02_DZQtVmKM.mp4,48,49.5,1.5,4,data\scenes\gacs_emotional_shorts_02_DZQtVmKM_scene_06.jpg,fixed_8s_opencv
0,gacs_emotional_shorts_02_VpkiVRxH.mp4,0,8,8,16,data\scenes\gacs_emotional_shorts_02_VpkiVRxH_scene_00.jpg,fixed_8s_opencv
1,gacs_emotional_shorts_02_VpkiVRxH.mp4,8,16,8,16,data\scenes\gacs_emotional_shorts_02_VpkiVRxH_scene_01.jpg,fixed_8s_opencv
2,gacs_emotional_shorts_02_VpkiVRxH.mp4,16,24,8,16,data\scenes\gacs_emotional_shorts_02_VpkiVRxH_scene_02.jpg,fixed_8s_opencv
3,gacs_emotional_shorts_02_VpkiVRxH.mp4,24,32,8,16,data\scenes\gacs_emotional_shorts_02_VpkiVRxH_scene_03.jpg,fixed_8s_opencv
4,gacs_emotional_shorts_02_VpkiVRxH.mp4,32,40,8,16,data\scenes\gacs_emotional_shorts_02_VpkiVRxH_scene_04.jpg,fixed_8s_opencv
5,gacs_emotional_shorts_02_VpkiVRxH.mp4,40,46,6,13,data\scenes\gacs_emotional_shorts_02_VpkiVRxH_scene_05.jpg,fixed_8s_opencv
0,gacs_movie_trailers_00_mqqft2x_.mp4,8,16,8,17,data\scenes\gacs_movie_trailers_00_mqqft2x__scene_00.jpg,fixed_8s_opencv
1,gacs_movie_trailers_00_mqqft2x_.mp4,88,96,8,18,data\scenes\gacs_movie_trailers_00_mqqft2x__scene_01.jpg,fixed_8s_opencv
2,gacs_movie_trailers_00_mqqft2x_.mp4,120,124.7913202,4.791320204,11,data\scenes\gacs_movie_trailers_00_mqqft2x__scene_02.jpg,fixed_8s_opencv
0,gacs_movie_trailers_00_UDfjsSqC.mp4,40,48,8,16,data\scenes\gacs_movie_trailers_00_UDfjsSqC_scene_00.jpg,fixed_8s_opencv
1,gacs_movie_trailers_00_UDfjsSqC.mp4,48,56,8,16,data\scenes\gacs_movie_trailers_00_UDfjsSqC_scene_01.jpg,fixed_8s_opencv
2,gacs_movie_trailers_00_UDfjsSqC.mp4,56,64,8,16,data\scenes\gacs_movie_trailers_00_UDfjsSqC_scene_02.jpg,fixed_8s_opencv
0,gacs_movie_trailers_01_fsQgc9pC.mp4,0,8,8,18,data\scenes\gacs_movie_trailers_01_fsQgc9pC_scene_00.jpg,fixed_8s_opencv
1,gacs_movie_trailers_01_fsQgc9pC.mp4,8,16,8,17,data\scenes\gacs_movie_trailers_01_fsQgc9pC_scene_01.jpg,fixed_8s_opencv
2,gacs_movie_trailers_01_fsQgc9pC.mp4,16,24,8,18,data\scenes\gacs_movie_trailers_01_fsQgc9pC_scene_02.jpg,fixed_8s_opencv
3,gacs_movie_trailers_01_fsQgc9pC.mp4,24,32,8,17,data\scenes\gacs_movie_trailers_01_fsQgc9pC_scene_03.jpg,fixed_8s_opencv
4,gacs_movie_trailers_01_fsQgc9pC.mp4,40,48,8,17,data\scenes\gacs_movie_trailers_01_fsQgc9pC_scene_04.jpg,fixed_8s_opencv
5,gacs_movie_trailers_01_fsQgc9pC.mp4,48,56,8,18,data\scenes\gacs_movie_trailers_01_fsQgc9pC_scene_05.jpg,fixed_8s_opencv
6,gacs_movie_trailers_01_fsQgc9pC.mp4,72,80,8,18,data\scenes\gacs_movie_trailers_01_fsQgc9pC_scene_06.jpg,fixed_8s_opencv
7,gacs_movie_trailers_01_fsQgc9pC.mp4,80,88,8,17,data\scenes\gacs_movie_trailers_01_fsQgc9pC_scene_07.jpg,fixed_8s_opencv
8,gacs_movie_trailers_01_fsQgc9pC.mp4,88,96,8,18,data\scenes\gacs_movie_trailers_01_fsQgc9pC_scene_08.jpg,fixed_8s_opencv
9,gacs_movie_trailers_01_fsQgc9pC.mp4,96,104,8,17,data\scenes\gacs_movie_trailers_01_fsQgc9pC_scene_09.jpg,fixed_8s_opencv
10,gacs_movie_trailers_01_fsQgc9pC.mp4,120,124.7913232,4.791323247,11,data\scenes\gacs_movie_trailers_01_fsQgc9pC_scene_10.jpg,fixed_8s_opencv
0,gacs_movie_trailers_01_n9xhJrPX.mp4,8,16,8,17,data\scenes\gacs_movie_trailers_01_n9xhJrPX_scene_00.jpg,fixed_8s_opencv
1,gacs_movie_trailers_01_n9xhJrPX.mp4,56,64,8,17,data\scenes\gacs_movie_trailers_01_n9xhJrPX_scene_01.jpg,fixed_8s_opencv
2,gacs_movie_trailers_01_n9xhJrPX.mp4,72,80,8,18,data\scenes\gacs_movie_trailers_01_n9xhJrPX_scene_02.jpg,fixed_8s_opencv
3,gacs_movie_trailers_01_n9xhJrPX.mp4,80,88,8,17,data\scenes\gacs_movie_trailers_01_n9xhJrPX_scene_03.jpg,fixed_8s_opencv
4,gacs_movie_trailers_01_n9xhJrPX.mp4,112,120,8,17,data\scenes\gacs_movie_trailers_01_n9xhJrPX_scene_04.jpg,fixed_8s_opencv
5,gacs_movie_trailers_01_n9xhJrPX.mp4,120,124.7913333,4.791333333,11,data\scenes\gacs_movie_trailers_01_n9xhJrPX_scene_05.jpg,fixed_8s_opencv
0,gacs_movie_trailers_02_nb_fFj_0.mp4,0,8,8,18,data\scenes\gacs_movie_trailers_02_nb_fFj_0_scene_00.jpg,fixed_8s_opencv
1,gacs_movie_trailers_02_nb_fFj_0.mp4,8,16,8,17,data\scenes\gacs_movie_trailers_02_nb_fFj_0_scene_01.jpg,fixed_8s_opencv
2,gacs_movie_trailers_02_nb_fFj_0.mp4,32,40,8,18,data\scenes\gacs_movie_trailers_02_nb_fFj_0_scene_02.jpg,fixed_8s_opencv
3,gacs_movie_trailers_02_nb_fFj_0.mp4,64,72,8,17,data\scenes\gacs_movie_trailers_02_nb_fFj_0_scene_03.jpg,fixed_8s_opencv
4,gacs_movie_trailers_02_nb_fFj_0.mp4,72,80,8,18,data\scenes\gacs_movie_trailers_02_nb_fFj_0_scene_04.jpg,fixed_8s_opencv
5,gacs_movie_trailers_02_nb_fFj_0.mp4,80,88,8,17,data\scenes\gacs_movie_trailers_02_nb_fFj_0_scene_05.jpg,fixed_8s_opencv
6,gacs_movie_trailers_02_nb_fFj_0.mp4,96,104,8,17,data\scenes\gacs_movie_trailers_02_nb_fFj_0_scene_06.jpg,fixed_8s_opencv
7,gacs_movie_trailers_02_nb_fFj_0.mp4,104,112,8,18,data\scenes\gacs_movie_trailers_02_nb_fFj_0_scene_07.jpg,fixed_8s_opencv
8,gacs_movie_trailers_02_nb_fFj_0.mp4,120,124.7913214,4.791321416,11,data\scenes\gacs_movie_trailers_02_nb_fFj_0_scene_08.jpg,fixed_8s_opencv
0,gacs_movie_trailers_02_uYPbbksJ.mp4,24,32,8,17,data\scenes\gacs_movie_trailers_02_uYPbbksJ_scene_00.jpg,fixed_8s_opencv
1,gacs_movie_trailers_02_uYPbbksJ.mp4,32,40,8,18,data\scenes\gacs_movie_trailers_02_uYPbbksJ_scene_01.jpg,fixed_8s_opencv
2,gacs_movie_trailers_02_uYPbbksJ.mp4,40,48,8,17,data\scenes\gacs_movie_trailers_02_uYPbbksJ_scene_02.jpg,fixed_8s_opencv
3,gacs_movie_trailers_02_uYPbbksJ.mp4,48,56,8,18,data\scenes\gacs_movie_trailers_02_uYPbbksJ_scene_03.jpg,fixed_8s_opencv
4,gacs_movie_trailers_02_uYPbbksJ.mp4,64,72,8,17,data\scenes\gacs_movie_trailers_02_uYPbbksJ_scene_04.jpg,fixed_8s_opencv
5,gacs_movie_trailers_02_uYPbbksJ.mp4,72,80,8,18,data\scenes\gacs_movie_trailers_02_uYPbbksJ_scene_05.jpg,fixed_8s_opencv
6,gacs_movie_trailers_02_uYPbbksJ.mp4,80,88,8,17,data\scenes\gacs_movie_trailers_02_uYPbbksJ_scene_06.jpg,fixed_8s_opencv
7,gacs_movie_trailers_02_uYPbbksJ.mp4,88,96,8,18,data\scenes\gacs_movie_trailers_02_uYPbbksJ_scene_07.jpg,fixed_8s_opencv
8,gacs_movie_trailers_02_uYPbbksJ.mp4,112,120,8,17,data\scenes\gacs_movie_trailers_02_uYPbbksJ_scene_08.jpg,fixed_8s_opencv
9,gacs_movie_trailers_02_uYPbbksJ.mp4,120,124.7913333,4.791333333,11,data\scenes\gacs_movie_trailers_02_uYPbbksJ_scene_09.jpg,fixed_8s_opencv
0,man_vs_baby_trailer.mp4,0,8,8,17,data\scenes\man_vs_baby_trailer_scene_00.jpg,fixed_8s_opencv
1,man_vs_baby_trailer.mp4,8,16,8,17,data\scenes\man_vs_baby_trailer_scene_01.jpg,fixed_8s_opencv
2,man_vs_baby_trailer.mp4,24,32,8,17,data\scenes\man_vs_baby_trailer_scene_02.jpg,fixed_8s_opencv
3,man_vs_baby_trailer.mp4,32,40,8,17,data\scenes\man_vs_baby_trailer_scene_03.jpg,fixed_8s_opencv
4,man_vs_baby_trailer.mp4,40,48,8,16,data\scenes\man_vs_baby_trailer_scene_04.jpg,fixed_8s_opencv
5,man_vs_baby_trailer.mp4,48,56,8,17,data\scenes\man_vs_baby_trailer_scene_05.jpg,fixed_8s_opencv
6,man_vs_baby_trailer.mp4,56,64,8,17,data\scenes\man_vs_baby_trailer_scene_06.jpg,fixed_8s_opencv
7,man_vs_baby_trailer.mp4,64,72,8,16,data\scenes\man_vs_baby_trailer_scene_07.jpg,fixed_8s_opencv
8,man_vs_baby_trailer.mp4,72,80,8,17,data\scenes\man_vs_baby_trailer_scene_08.jpg,fixed_8s_opencv
9,man_vs_baby_trailer.mp4,88,96,8,16,data\scenes\man_vs_baby_trailer_scene_09.jpg,fixed_8s_opencv
10,man_vs_baby_trailer.mp4,96,104,8,17,data\scenes\man_vs_baby_trailer_scene_10.jpg,fixed_8s_opencv
0,ready_or_not_trailer.mp4,0,8,8,18,data\scenes\ready_or_not_trailer_scene_00.jpg,fixed_8s_opencv
1,ready_or_not_trailer.mp4,8,16,8,17,data\scenes\ready_or_not_trailer_scene_01.jpg,fixed_8s_opencv
2,ready_or_not_trailer.mp4,16,24,8,18,data\scenes\ready_or_not_trailer_scene_02.jpg,fixed_8s_opencv
3,ready_or_not_trailer.mp4,24,32,8,17,data\scenes\ready_or_not_trailer_scene_03.jpg,fixed_8s_opencv
4,ready_or_not_trailer.mp4,40,48,8,17,data\scenes\ready_or_not_trailer_scene_04.jpg,fixed_8s_opencv
5,ready_or_not_trailer.mp4,56,64,8,17,data\scenes\ready_or_not_trailer_scene_05.jpg,fixed_8s_opencv
6,ready_or_not_trailer.mp4,96,104,8,17,data\scenes\ready_or_not_trailer_scene_06.jpg,fixed_8s_opencv
7,ready_or_not_trailer.mp4,104,112,8,18,data\scenes\ready_or_not_trailer_scene_07.jpg,fixed_8s_opencv
0,toy_story_5_trailer.mp4,0,8,8,18,data\scenes\toy_story_5_trailer_scene_00.jpg,fixed_8s_opencv
1,toy_story_5_trailer.mp4,8,16,8,17,data\scenes\toy_story_5_trailer_scene_01.jpg,fixed_8s_opencv
2,toy_story_5_trailer.mp4,16,24,8,18,data\scenes\toy_story_5_trailer_scene_02.jpg,fixed_8s_opencv
3,toy_story_5_trailer.mp4,24,32,8,17,data\scenes\toy_story_5_trailer_scene_03.jpg,fixed_8s_opencv
4,toy_story_5_trailer.mp4,40,48,8,17,data\scenes\toy_story_5_trailer_scene_04.jpg,fixed_8s_opencv
